id_pedido,dt_pedido,id_cliente,nome,email,dt_cadastro,tipo_estado_civil,genero,id_produto,produto,categoria,subcategoria,fabricante,vl_venda,qt_venda,custo
1,2024-01-01,129,Allana Moreira,brendamarques@example.net,2023-01-21,Viúvo,Masculino,9,SSD 1TB,Armazenamento,SSD,Kingston,621.10,1,450.00
2,2023-01-07,110,Amanda Da Cunha,fogacaemanuella@example.org,2023-01-04,Casado,Feminino,10,Impressora Laser,Impressoras,Laser,Hp,1563.86,1,1100.00
3,2024-01-25,102,Guilherme Novais,santosbeatriz@example.net,2024-01-03,Casado,Feminino,6,Teclado Mecânico,Periféricos,Teclado,Razer,1484.70,3,400.00
4,2024-01-15,113,Emanuel Camargo,kevin95@example.net,2024-01-29,Viúvo,Feminino,2,Smartphone X,Smartphones,Android,Samsung,2836.42,1,2100.00
5,2025-01-22,113,Emanuel Camargo,kevin95@example.net,2024-01-29,Viúvo,Feminino,4,Monitor 27 4K,Periféricos,Monitor,Lg,4467.03,3,1200.00
6,2024-01-17,127,Hellena Brito,theocosta@example.com,2024-01-01,Casado,Feminino,5,Mouse Gamer,Periféricos,Mouse,Logitech,143.78,1,120.00
7,2025-01-09,116,Henry Machado,salesmaria-flor@example.net,2025-01-10,Viúvo,Masculino,7,Cadeira Gamer,Móveis,Cadeira,Dxracer,4022.80,2,1500.00
8,2025-01-13,106,Apollo Da Cunha,larissa12@example.org,2025-01-18,Solteiro,Feminino,6,Teclado Mecânico,Periféricos,Teclado,Razer,441.85,1,400.00
9,2025-01-29,104,Gael Henrique Da Cruz,ferreiralais@example.org,2025-01-19,Divorciado,Feminino,1,Notebook Pro 15,Computadores,Notebook,Dell,5942.60,1,4200.00
10,2025-01-13,111,Lívia Azevedo,lorenacunha@example.org,2025-01-26,Divorciado,Feminino,7,Cadeira Gamer,Móveis,Cadeira,Dxracer,1970.79,1,1500.00
11,2023-01-01,115,Enzo Marques,ogomes@example.com,2023-01-10,Casado,Feminino,8,Headset Pro,Áudio,Headset,Hyperx,399.49,1,300.00
12,2024-01-04,117,Srta. Maitê Barbosa,vieiratheo@example.com,2024-01-09,Viúvo,Feminino,6,Teclado Mecânico,Periféricos,Teclado,Razer,1423.44,3,400.00
13,2024-01-16,117,Srta. Maitê Barbosa,vieiratheo@example.com,2024-01-09,Viúvo,Feminino,10,Impressora Laser,Impressoras,Laser,Hp,2592.06,2,1100.00
14,2025-01-10,116,Henry Machado,salesmaria-flor@example.net,2025-01-10,Viúvo,Masculino,5,Mouse Gamer,Periféricos,Mouse,Logitech,163.96,1,120.00
15,2024-01-23,117,Srta. Maitê Barbosa,vieiratheo@example.com,2024-01-09,Viúvo,Feminino,4,Monitor 27 4K,Periféricos,Monitor,Lg,5203.65,3,1200.00
16,2025-01-27,114,Mariana Azevedo,lopesana-carolina@example.net,2025-01-03,Solteiro,Masculino,10,Impressora Laser,Impressoras,Laser,Hp,1534.92,1,1100.00
17,2025-01-23,107,Augusto Siqueira,cardosojoao-pedro@example.org,2024-01-22,Solteiro,Feminino,4,Monitor 27 4K,Periféricos,Monitor,Lg,4917.75,3,1200.00
18,2024-01-29,129,Allana Moreira,brendamarques@example.net,2023-01-21,Viúvo,Masculino,9,SSD 1TB,Armazenamento,SSD,Kingston,1225.46,2,450.00
19,2026-01-25,120,Ana Liz Duarte,dantenunes@example.net,2026-01-01,Casado,Feminino,6,Teclado Mecânico,Periféricos,Teclado,Razer,939.04,2,400.00
20,2025-01-30,104,Gael Henrique Da Cruz,ferreiralais@example.org,2025-01-19,Divorciado,Feminino,9,SSD 1TB,Armazenamento,SSD,Kingston,563.07,1,450.00
21,2025-01-08,111,Lívia Azevedo,lorenacunha@example.org,2025-01-26,Divorciado,Feminino,6,Teclado Mecânico,Periféricos,Teclado,Razer,1539.24,3,400.00
22,2026-01-26,101,Murilo Leão,marcelo69@example.org,2024-01-12,Divorciado,Feminino,10,Impressora Laser,Impressoras,Laser,Hp,4729.20,3,1100.00
23,2025-01-19,109,Natália Machado,alice98@example.net,2025-01-12,Divorciado,Masculino,7,Cadeira Gamer,Móveis,Cadeira,Dxracer,6687.90,3,1500.00
24,2025-01-11,104,Gael Henrique Da Cruz,ferreiralais@example.org,2025-01-19,Divorciado,Feminino,7,Cadeira Gamer,Móveis,Cadeira,Dxracer,3692.24,2,1500.00
25,2025-01-18,122,Josué Moraes,mendesana-cecilia@example.org,2025-01-31,Divorciado,Masculino,4,Monitor 27 4K,Periféricos,Monitor,Lg,5243.34,3,1200.00
26,2026-01-25,120,Ana Liz Duarte,dantenunes@example.net,2026-01-01,Casado,Feminino,10,Impressora Laser,Impressoras,Laser,Hp,1590.07,1,1100.00
27,2023-01-28,110,Amanda Da Cunha,fogacaemanuella@example.org,2023-01-04,Casado,Feminino,6,Teclado Mecânico,Periféricos,Teclado,Razer,1459.44,3,400.00
28,2025-01-16,107,Augusto Siqueira,cardosojoao-pedro@example.org,2024-01-22,Solteiro,Feminino,6,Teclado Mecânico,Periféricos,Teclado,Razer,1729.83,3,400.00
29,2026-01-20,125,Srta. Maria Vitória Cardoso,antoniomoreira@example.com,2025-01-28,Viúvo,Feminino,7,Cadeira Gamer,Móveis,Cadeira,Dxracer,5907.84,3,1500.00
30,2026-01-10,106,Apollo Da Cunha,larissa12@example.org,2025-01-18,Solteiro,Feminino,2,Smartphone X,Smartphones,Android,Samsung,7494.39,3,2100.00
31,2026-01-02,126,Renan Monteiro,maria-fernanda02@example.net,2026-01-25,Solteiro,Masculino,6,Teclado Mecânico,Periféricos,Teclado,Razer,1732.89,3,400.00
32,2025-01-17,129,Allana Moreira,brendamarques@example.net,2023-01-21,Viúvo,Masculino,4,Monitor 27 4K,Periféricos,Monitor,Lg,1574.07,1,1200.00
33,2026-01-25,126,Renan Monteiro,maria-fernanda02@example.net,2026-01-25,Solteiro,Masculino,5,Mouse Gamer,Periféricos,Mouse,Logitech,347.42,2,120.00
34,2026-01-06,116,Henry Machado,salesmaria-flor@example.net,2025-01-10,Viúvo,Masculino,4,Monitor 27 4K,Periféricos,Monitor,Lg,1414.11,1,1200.00
35,2024-01-31,108,Hadassa Caldeira,allanaaparecida@example.org,2024-01-08,Solteiro,Masculino,4,Monitor 27 4K,Periféricos,Monitor,Lg,1322.76,1,1200.00
36,2025-01-19,129,Allana Moreira,brendamarques@example.net,2023-01-21,Viúvo,Masculino,8,Headset Pro,Áudio,Headset,Hyperx,669.54,2,300.00
37,2024-01-22,115,Enzo Marques,ogomes@example.com,2023-01-10,Casado,Feminino,1,Notebook Pro 15,Computadores,Notebook,Dell,5357.05,1,4200.00
38,2025-01-18,125,Srta. Maria Vitória Cardoso,antoniomoreira@example.com,2025-01-28,Viúvo,Feminino,5,Mouse Gamer,Periféricos,Mouse,Logitech,316.06,2,120.00
39,2026-01-04,122,Josué Moraes,mendesana-cecilia@example.org,2025-01-31,Divorciado,Masculino,10,Impressora Laser,Impressoras,Laser,Hp,4314.72,3,1100.00
40,2026-01-22,104,Gael Henrique Da Cruz,ferreiralais@example.org,2025-01-19,Divorciado,Feminino,4,Monitor 27 4K,Periféricos,Monitor,Lg,3373.78,2,1200.00
41,2025-01-06,110,Amanda Da Cunha,fogacaemanuella@example.org,2023-01-04,Casado,Feminino,2,Smartphone X,Smartphones,Android,Samsung,4658.04,2,2100.00
42,2024-01-12,103,Bianca Camargo,ncosta@example.org,2023-01-08,Solteiro,Masculino,3,Tablet Plus,Tablets,Tablet,Apple,7439.34,2,3000.00
43,2025-01-30,123,Pedro Miguel Câmara,alicia44@example.org,2025-01-17,Casado,Masculino,2,Smartphone X,Smartphones,Android,Samsung,7989.45,3,2100.00
44,2026-01-03,108,Hadassa Caldeira,allanaaparecida@example.org,2024-01-08,Solteiro,Masculino,4,Monitor 27 4K,Periféricos,Monitor,Lg,1449.27,1,1200.00
45,2025-01-09,109,Natália Machado,alice98@example.net,2025-01-12,Divorciado,Masculino,1,Notebook Pro 15,Computadores,Notebook,Dell,12450.24,2,4200.00
46,2024-01-29,119,Dante Jesus,lizmartins@example.net,2023-01-04,Casado,Masculino,10,Impressora Laser,Impressoras,Laser,Hp,2970.26,2,1100.00
47,2025-01-10,113,Emanuel Camargo,kevin95@example.net,2024-01-29,Viúvo,Feminino,5,Mouse Gamer,Periféricos,Mouse,Logitech,319.16,2,120.00
48,2025-01-23,105,Francisco Silva,renanmarques@example.org,2025-01-18,Solteiro,Masculino,8,Headset Pro,Áudio,Headset,Hyperx,1022.19,3,300.00
49,2026-01-13,120,Ana Liz Duarte,dantenunes@example.net,2026-01-01,Casado,Feminino,5,Mouse Gamer,Periféricos,Mouse,Logitech,486.39,3,120.00
50,2026-01-23,123,Pedro Miguel Câmara,alicia44@example.org,2025-01-17,Casado,Masculino,9,SSD 1TB,Armazenamento,SSD,Kingston,1629.48,3,450.00
51,2025-01-28,104,Gael Henrique Da Cruz,ferreiralais@example.org,2025-01-19,Divorciado,Feminino,9,SSD 1TB,Armazenamento,SSD,Kingston,1326.20,2,450.00
52,2026-01-23,125,Srta. Maria Vitória Cardoso,antoniomoreira@example.com,2025-01-28,Viúvo,Feminino,10,Impressora Laser,Impressoras,Laser,Hp,4418.61,3,1100.00
53,2026-01-04,105,Francisco Silva,renanmarques@example.org,2025-01-18,Solteiro,Masculino,10,Impressora Laser,Impressoras,Laser,Hp,3294.26,2,1100.00
54,2026-01-05,122,Josué Moraes,mendesana-cecilia@example.org,2025-01-31,Divorciado,Masculino,7,Cadeira Gamer,Móveis,Cadeira,Dxracer,1752.74,1,1500.00
55,2026-01-09,108,Hadassa Caldeira,allanaaparecida@example.org,2024-01-08,Solteiro,Masculino,4,Monitor 27 4K,Periféricos,Monitor,Lg,2867.60,2,1200.00
56,2023-01-27,115,Enzo Marques,ogomes@example.com,2023-01-10,Casado,Feminino,6,Teclado Mecânico,Periféricos,Teclado,Razer,481.02,1,400.00
57,2025-01-30,119,Dante Jesus,lizmartins@example.net,2023-01-04,Casado,Masculino,9,SSD 1TB,Armazenamento,SSD,Kingston,1744.83,3,450.00
58,2025-01-09,129,Allana Moreira,brendamarques@example.net,2023-01-21,Viúvo,Masculino,1,Notebook Pro 15,Computadores,Notebook,Dell,16689.18,3,4200.00
59,2024-01-29,108,Hadassa Caldeira,allanaaparecida@example.org,2024-01-08,Solteiro,Masculino,6,Teclado Mecânico,Periféricos,Teclado,Razer,534.95,1,400.00
60,2025-01-13,118,Sr. Gustavo Garcia,estersiqueira@example.net,2024-01-05,Viúvo,Feminino,7,Cadeira Gamer,Móveis,Cadeira,Dxracer,2145.16,1,1500.00
61,2025-01-05,110,Amanda Da Cunha,fogacaemanuella@example.org,2023-01-04,Casado,Feminino,6,Teclado Mecânico,Periféricos,Teclado,Razer,540.12,1,400.00
62,2026-01-04,125,Srta. Maria Vitória Cardoso,antoniomoreira@example.com,2025-01-28,Viúvo,Feminino,1,Notebook Pro 15,Computadores,Notebook,Dell,18385.98,3,4200.00
63,2024-01-24,103,Bianca Camargo,ncosta@example.org,2023-01-08,Solteiro,Masculino,1,Notebook Pro 15,Computadores,Notebook,Dell,15941.07,3,4200.00
64,2026-01-22,128,Sr. Otávio Camargo,vitoria58@example.net,2025-01-20,Viúvo,Feminino,2,Smartphone X,Smartphones,Android,Samsung,5416.20,2,2100.00
65,2026-01-05,120,Ana Liz Duarte,dantenunes@example.net,2026-01-01,Casado,Feminino,9,SSD 1TB,Armazenamento,SSD,Kingston,1231.70,2,450.00
66,2025-01-01,116,Henry Machado,salesmaria-flor@example.net,2025-01-10,Viúvo,Masculino,7,Cadeira Gamer,Móveis,Cadeira,Dxracer,1927.29,1,1500.00
67,2026-01-13,106,Apollo Da Cunha,larissa12@example.org,2025-01-18,Solteiro,Feminino,10,Impressora Laser,Impressoras,Laser,Hp,1324.38,1,1100.00
68,2024-01-27,130,Agatha Cavalcante,camargofernanda@example.net,2023-01-18,Divorciado,Masculino,2,Smartphone X,Smartphones,Android,Samsung,7660.11,3,2100.00
69,2023-01-15,110,Amanda Da Cunha,fogacaemanuella@example.org,2023-01-04,Casado,Feminino,9,SSD 1TB,Armazenamento,SSD,Kingston,1201.28,2,450.00
70,2025-01-10,106,Apollo Da Cunha,larissa12@example.org,2025-01-18,Solteiro,Feminino,2,Smartphone X,Smartphones,Android,Samsung,4811.54,2,2100.00
71,2023-01-23,121,Luiz Fernando Alves,juliana61@example.com,2023-01-13,Viúvo,Masculino,8,Headset Pro,Áudio,Headset,Hyperx,823.90,2,300.00
72,2024-01-11,121,Luiz Fernando Alves,juliana61@example.com,2023-01-13,Viúvo,Masculino,4,Monitor 27 4K,Periféricos,Monitor,Lg,3089.22,2,1200.00
73,2025-01-11,103,Bianca Camargo,ncosta@example.org,2023-01-08,Solteiro,Masculino,2,Smartphone X,Smartphones,Android,Samsung,6940.35,3,2100.00
74,2024-01-04,108,Hadassa Caldeira,allanaaparecida@example.org,2024-01-08,Solteiro,Masculino,6,Teclado Mecânico,Periféricos,Teclado,Razer,476.75,1,400.00
75,2026-01-28,128,Sr. Otávio Camargo,vitoria58@example.net,2025-01-20,Viúvo,Feminino,1,Notebook Pro 15,Computadores,Notebook,Dell,11729.54,2,4200.00
76,2026-01-26,120,Ana Liz Duarte,dantenunes@example.net,2026-01-01,Casado,Feminino,5,Mouse Gamer,Periféricos,Mouse,Logitech,158.74,1,120.00
77,2026-01-10,120,Ana Liz Duarte,dantenunes@example.net,2026-01-01,Casado,Feminino,10,Impressora Laser,Impressoras,Laser,Hp,3020.78,2,1100.00
78,2025-01-18,123,Pedro Miguel Câmara,alicia44@example.org,2025-01-17,Casado,Masculino,4,Monitor 27 4K,Periféricos,Monitor,Lg,1359.67,1,1200.00
79,2025-01-13,114,Mariana Azevedo,lopesana-carolina@example.net,2025-01-03,Solteiro,Masculino,3,Tablet Plus,Tablets,Tablet,Apple,9926.76,3,3000.00
80,2025-01-24,110,Amanda Da Cunha,fogacaemanuella@example.org,2023-01-04,Casado,Feminino,9,SSD 1TB,Armazenamento,SSD,Kingston,1790.46,3,450.00
81,2025-01-19,109,Natália Machado,alice98@example.net,2025-01-12,Divorciado,Masculino,6,Teclado Mecânico,Periféricos,Teclado,Razer,1564.20,3,400.00
82,2026-01-04,105,Francisco Silva,renanmarques@example.org,2025-01-18,Solteiro,Masculino,10,Impressora Laser,Impressoras,Laser,Hp,1548.36,1,1100.00
83,2025-01-06,102,Guilherme Novais,santosbeatriz@example.net,2024-01-03,Casado,Feminino,6,Teclado Mecânico,Periféricos,Teclado,Razer,495.16,1,400.00
84,2026-01-19,120,Ana Liz Duarte,dantenunes@example.net,2026-01-01,Casado,Feminino,8,Headset Pro,Áudio,Headset,Hyperx,375.56,1,300.00
85,2025-01-17,122,Josué Moraes,mendesana-cecilia@example.org,2025-01-31,Divorciado,Masculino,5,Mouse Gamer,Periféricos,Mouse,Logitech,325.48,2,120.00
86,2025-01-20,114,Mariana Azevedo,lopesana-carolina@example.net,2025-01-03,Solteiro,Masculino,10,Impressora Laser,Impressoras,Laser,Hp,3915.51,3,1100.00
87,2025-01-10,130,Agatha Cavalcante,camargofernanda@example.net,2023-01-18,Divorciado,Masculino,1,Notebook Pro 15,Computadores,Notebook,Dell,13998.81,3,4200.00
88,2024-01-23,112,Antony Costa,rezendekevin@example.org,2024-01-08,Viúvo,Masculino,7,Cadeira Gamer,Móveis,Cadeira,Dxracer,2121.15,1,1500.00
89,2025-01-11,117,Srta. Maitê Barbosa,vieiratheo@example.com,2024-01-09,Viúvo,Feminino,7,Cadeira Gamer,Móveis,Cadeira,Dxracer,5657.52,3,1500.00
90,2024-01-18,121,Luiz Fernando Alves,juliana61@example.com,2023-01-13,Viúvo,Masculino,10,Impressora Laser,Impressoras,Laser,Hp,2928.76,2,1100.00
91,2025-01-19,124,Maitê Viana,vianajulia@example.org,2024-01-21,Viúvo,Masculino,5,Mouse Gamer,Periféricos,Mouse,Logitech,343.04,2,120.00
92,2025-01-24,106,Apollo Da Cunha,larissa12@example.org,2025-01-18,Solteiro,Feminino,9,SSD 1TB,Armazenamento,SSD,Kingston,649.86,1,450.00
93,2026-01-18,128,Sr. Otávio Camargo,vitoria58@example.net,2025-01-20,Viúvo,Feminino,7,Cadeira Gamer,Móveis,Cadeira,Dxracer,1656.08,1,1500.00
94,2025-01-13,118,Sr. Gustavo Garcia,estersiqueira@example.net,2024-01-05,Viúvo,Feminino,6,Teclado Mecânico,Periféricos,Teclado,Razer,1792.47,3,400.00
95,2024-01-23,103,Bianca Camargo,ncosta@example.org,2023-01-08,Solteiro,Masculino,1,Notebook Pro 15,Computadores,Notebook,Dell,10388.76,2,4200.00
96,2024-01-28,118,Sr. Gustavo Garcia,estersiqueira@example.net,2024-01-05,Viúvo,Feminino,2,Smartphone X,Smartphones,Android,Samsung,8793.81,3,2100.00
97,2025-01-23,101,Murilo Leão,marcelo69@example.org,2024-01-12,Divorciado,Feminino,7,Cadeira Gamer,Móveis,Cadeira,Dxracer,6478.29,3,1500.00
98,2024-01-28,107,Augusto Siqueira,cardosojoao-pedro@example.org,2024-01-22,Solteiro,Feminino,2,Smartphone X,Smartphones,Android,Samsung,5768.32,2,2100.00
99,2025-01-13,108,Hadassa Caldeira,allanaaparecida@example.org,2024-01-08,Solteiro,Masculino,1,Notebook Pro 15,Computadores,Notebook,Dell,5468.38,1,4200.00
100,2025-01-30,116,Henry Machado,salesmaria-flor@example.net,2025-01-10,Viúvo,Masculino,4,Monitor 27 4K,Periféricos,Monitor,Lg,1445.50,1,1200.00
101,2026-01-17,120,Ana Liz Duarte,dantenunes@example.net,2026-01-01,Casado,Feminino,5,Mouse Gamer,Periféricos,Mouse,Logitech,425.94,3,120.00
102,2025-01-09,105,Francisco Silva,renanmarques@example.org,2025-01-18,Solteiro,Masculino,3,Tablet Plus,Tablets,Tablet,Apple,11742.18,3,3000.00
103,2024-01-08,118,Sr. Gustavo Garcia,estersiqueira@example.net,2024-01-05,Viúvo,Feminino,1,Notebook Pro 15,Computadores,Notebook,Dell,5460.95,1,4200.00
104,2025-01-09,121,Luiz Fernando Alves,juliana61@example.com,2023-01-13,Viúvo,Masculino,3,Tablet Plus,Tablets,Tablet,Apple,12856.62,3,3000.00
105,2025-01-01,127,Hellena Brito,theocosta@example.com,2024-01-01,Casado,Feminino,1,Notebook Pro 15,Computadores,Notebook,Dell,5389.90,1,4200.00
106,2024-01-18,115,Enzo Marques,ogomes@example.com,2023-01-10,Casado,Feminino,4,Monitor 27 4K,Periféricos,Monitor,Lg,3418.08,2,1200.00
107,2025-01-28,127,Hellena Brito,theocosta@example.com,2024-01-01,Casado,Feminino,4,Monitor 27 4K,Periféricos,Monitor,Lg,3576.04,2,1200.00
108,2026-01-27,120,Ana Liz Duarte,dantenunes@example.net,2026-01-01,Casado,Feminino,7,Cadeira Gamer,Móveis,Cadeira,Dxracer,1876.22,1,1500.00
109,2026-01-13,122,Josué Moraes,mendesana-cecilia@example.org,2025-01-31,Divorciado,Masculino,9,SSD 1TB,Armazenamento,SSD,Kingston,666.85,1,450.00
110,2026-01-25,126,Renan Monteiro,maria-fernanda02@example.net,2026-01-25,Solteiro,Masculino,7,Cadeira Gamer,Móveis,Cadeira,Dxracer,1808.57,1,1500.00
111,2026-01-04,123,Pedro Miguel Câmara,alicia44@example.org,2025-01-17,Casado,Masculino,9,SSD 1TB,Armazenamento,SSD,Kingston,661.83,1,450.00
112,2026-01-21,105,Francisco Silva,renanmarques@example.org,2025-01-18,Solteiro,Masculino,3,Tablet Plus,Tablets,Tablet,Apple,8619.38,2,3000.00
113,2025-01-13,114,Mariana Azevedo,lopesana-carolina@example.net,2025-01-03,Solteiro,Masculino,3,Tablet Plus,Tablets,Tablet,Apple,8733.32,2,3000.00
114,2025-01-01,117,Srta. Maitê Barbosa,vieiratheo@example.com,2024-01-09,Viúvo,Feminino,9,SSD 1TB,Armazenamento,SSD,Kingston,501.35,1,450.00
115,2024-01-12,129,Allana Moreira,brendamarques@example.net,2023-01-21,Viúvo,Masculino,9,SSD 1TB,Armazenamento,SSD,Kingston,1145.70,2,450.00
116,2025-01-19,110,Amanda Da Cunha,fogacaemanuella@example.org,2023-01-04,Casado,Feminino,4,Monitor 27 4K,Periféricos,Monitor,Lg,5052.99,3,1200.00
117,2025-01-09,127,Hellena Brito,theocosta@example.com,2024-01-01,Casado,Feminino,10,Impressora Laser,Impressoras,Laser,Hp,4161.75,3,1100.00
118,2025-01-31,107,Augusto Siqueira,cardosojoao-pedro@example.org,2024-01-22,Solteiro,Feminino,4,Monitor 27 4K,Periféricos,Monitor,Lg,5128.02,3,1200.00
119,2025-01-23,106,Apollo Da Cunha,larissa12@example.org,2025-01-18,Solteiro,Feminino,10,Impressora Laser,Impressoras,Laser,Hp,3954.69,3,1100.00
120,2026-01-01,104,Gael Henrique Da Cruz,ferreiralais@example.org,2025-01-19,Divorciado,Feminino,4,Monitor 27 4K,Periféricos,Monitor,Lg,4511.37,3,1200.00
121,2025-01-29,115,Enzo Marques,ogomes@example.com,2023-01-10,Casado,Feminino,3,Tablet Plus,Tablets,Tablet,Apple,3321.72,1,3000.00
122,2025-01-26,104,Gael Henrique Da Cruz,ferreiralais@example.org,2025-01-19,Divorciado,Feminino,1,Notebook Pro 15,Computadores,Notebook,Dell,6044.14,1,4200.00
123,2026-01-19,105,Francisco Silva,renanmarques@example.org,2025-01-18,Solteiro,Masculino,5,Mouse Gamer,Periféricos,Mouse,Logitech,307.10,2,120.00
124,2025-01-05,121,Luiz Fernando Alves,juliana61@example.com,2023-01-13,Viúvo,Masculino,10,Impressora Laser,Impressoras,Laser,Hp,2938.42,2,1100.00
125,2025-01-02,102,Guilherme Novais,santosbeatriz@example.net,2024-01-03,Casado,Feminino,10,Impressora Laser,Impressoras,Laser,Hp,3061.12,2,1100.00
126,2025-01-31,117,Srta. Maitê Barbosa,vieiratheo@example.com,2024-01-09,Viúvo,Feminino,7,Cadeira Gamer,Móveis,Cadeira,Dxracer,1812.62,1,1500.00
127,2025-01-22,127,Hellena Brito,theocosta@example.com,2024-01-01,Casado,Feminino,9,SSD 1TB,Armazenamento,SSD,Kingston,597.19,1,450.00
128,2025-01-15,130,Agatha Cavalcante,camargofernanda@example.net,2023-01-18,Divorciado,Masculino,4,Monitor 27 4K,Periféricos,Monitor,Lg,1653.19,1,1200.00
129,2026-01-09,106,Apollo Da Cunha,larissa12@example.org,2025-01-18,Solteiro,Feminino,2,Smartphone X,Smartphones,Android,Samsung,2864.26,1,2100.00
130,2025-01-24,129,Allana Moreira,brendamarques@example.net,2023-01-21,Viúvo,Masculino,7,Cadeira Gamer,Móveis,Cadeira,Dxracer,5707.41,3,1500.00
131,2024-01-15,112,Antony Costa,rezendekevin@example.org,2024-01-08,Viúvo,Masculino,9,SSD 1TB,Armazenamento,SSD,Kingston,1625.55,3,450.00
132,2025-01-06,127,Hellena Brito,theocosta@example.com,2024-01-01,Casado,Feminino,3,Tablet Plus,Tablets,Tablet,Apple,6745.12,2,3000.00
133,2025-01-22,104,Gael Henrique Da Cruz,ferreiralais@example.org,2025-01-19,Divorciado,Feminino,2,Smartphone X,Smartphones,Android,Samsung,2857.94,1,2100.00
134,2025-01-24,127,Hellena Brito,theocosta@example.com,2024-01-01,Casado,Feminino,2,Smartphone X,Smartphones,Android,Samsung,2462.76,1,2100.00
135,2026-01-01,128,Sr. Otávio Camargo,vitoria58@example.net,2025-01-20,Viúvo,Feminino,8,Headset Pro,Áudio,Headset,Hyperx,770.68,2,300.00
136,2025-01-07,106,Apollo Da Cunha,larissa12@example.org,2025-01-18,Solteiro,Feminino,7,Cadeira Gamer,Móveis,Cadeira,Dxracer,5685.72,3,1500.00
137,2025-01-30,111,Lívia Azevedo,lorenacunha@example.org,2025-01-26,Divorciado,Feminino,3,Tablet Plus,Tablets,Tablet,Apple,7501.54,2,3000.00
138,2026-01-18,120,Ana Liz Duarte,dantenunes@example.net,2026-01-01,Casado,Feminino,5,Mouse Gamer,Periféricos,Mouse,Logitech,466.77,3,120.00
139,2024-01-26,113,Emanuel Camargo,kevin95@example.net,2024-01-29,Viúvo,Feminino,3,Tablet Plus,Tablets,Tablet,Apple,3314.48,1,3000.00
140,2025-01-12,130,Agatha Cavalcante,camargofernanda@example.net,2023-01-18,Divorciado,Masculino,9,SSD 1TB,Armazenamento,SSD,Kingston,1275.82,2,450.00
141,2024-01-14,129,Allana Moreira,brendamarques@example.net,2023-01-21,Viúvo,Masculino,8,Headset Pro,Áudio,Headset,Hyperx,992.97,3,300.00
142,2023-01-07,103,Bianca Camargo,ncosta@example.org,2023-01-08,Solteiro,Masculino,7,Cadeira Gamer,Móveis,Cadeira,Dxracer,3948.02,2,1500.00
143,2025-01-28,101,Murilo Leão,marcelo69@example.org,2024-01-12,Divorciado,Feminino,1,Notebook Pro 15,Computadores,Notebook,Dell,9520.14,2,4200.00
144,2025-01-17,111,Lívia Azevedo,lorenacunha@example.org,2025-01-26,Divorciado,Feminino,5,Mouse Gamer,Periféricos,Mouse,Logitech,312.44,2,120.00
145,2025-01-15,115,Enzo Marques,ogomes@example.com,2023-01-10,Casado,Feminino,10,Impressora Laser,Impressoras,Laser,Hp,1292.57,1,1100.00
146,2025-01-05,108,Hadassa Caldeira,allanaaparecida@example.org,2024-01-08,Solteiro,Masculino,3,Tablet Plus,Tablets,Tablet,Apple,6654.52,2,3000.00
147,2023-01-25,121,Luiz Fernando Alves,juliana61@example.com,2023-01-13,Viúvo,Masculino,5,Mouse Gamer,Periféricos,Mouse,Logitech,296.10,2,120.00
148,2025-01-01,104,Gael Henrique Da Cruz,ferreiralais@example.org,2025-01-19,Divorciado,Feminino,3,Tablet Plus,Tablets,Tablet,Apple,11069.19,3,3000.00
149,2025-01-01,101,Murilo Leão,marcelo69@example.org,2024-01-12,Divorciado,Feminino,3,Tablet Plus,Tablets,Tablet,Apple,7080.68,2,3000.00
150,2024-01-02,112,Antony Costa,rezendekevin@example.org,2024-01-08,Viúvo,Masculino,2,Smartphone X,Smartphones,Android,Samsung,4702.68,2,2100.00
151,2025-01-30,129,Allana Moreira,brendamarques@example.net,2023-01-21,Viúvo,Masculino,5,Mouse Gamer,Periféricos,Mouse,Logitech,450.96,3,120.00
152,2025-01-10,122,Josué Moraes,mendesana-cecilia@example.org,2025-01-31,Divorciado,Masculino,6,Teclado Mecânico,Periféricos,Teclado,Razer,506.75,1,400.00
153,2026-01-10,113,Emanuel Camargo,kevin95@example.net,2024-01-29,Viúvo,Feminino,4,Monitor 27 4K,Periféricos,Monitor,Lg,3483.84,2,1200.00
154,2025-01-03,125,Srta. Maria Vitória Cardoso,antoniomoreira@example.com,2025-01-28,Viúvo,Feminino,1,Notebook Pro 15,Computadores,Notebook,Dell,14471.07,3,4200.00
155,2023-01-13,130,Agatha Cavalcante,camargofernanda@example.net,2023-01-18,Divorciado,Masculino,3,Tablet Plus,Tablets,Tablet,Apple,4349.11,1,3000.00
156,2026-01-01,126,Renan Monteiro,maria-fernanda02@example.net,2026-01-25,Solteiro,Masculino,10,Impressora Laser,Impressoras,Laser,Hp,1584.19,1,1100.00
157,2024-01-20,110,Amanda Da Cunha,fogacaemanuella@example.org,2023-01-04,Casado,Feminino,6,Teclado Mecânico,Periféricos,Teclado,Razer,1766.67,3,400.00
158,2024-01-06,107,Augusto Siqueira,cardosojoao-pedro@example.org,2024-01-22,Solteiro,Feminino,3,Tablet Plus,Tablets,Tablet,Apple,6761.50,2,3000.00
159,2025-01-04,129,Allana Moreira,brendamarques@example.net,2023-01-21,Viúvo,Masculino,4,Monitor 27 4K,Periféricos,Monitor,Lg,2675.02,2,1200.00
160,2024-01-16,119,Dante Jesus,lizmartins@example.net,2023-01-04,Casado,Masculino,10,Impressora Laser,Impressoras,Laser,Hp,1304.23,1,1100.00
161,2024-01-03,121,Luiz Fernando Alves,juliana61@example.com,2023-01-13,Viúvo,Masculino,8,Headset Pro,Áudio,Headset,Hyperx,819.18,2,300.00
162,2025-01-10,130,Agatha Cavalcante,camargofernanda@example.net,2023-01-18,Divorciado,Masculino,10,Impressora Laser,Impressoras,Laser,Hp,4407.27,3,1100.00
163,2025-01-14,109,Natália Machado,alice98@example.net,2025-01-12,Divorciado,Masculino,9,SSD 1TB,Armazenamento,SSD,Kingston,569.63,1,450.00
164,2026-01-23,128,Sr. Otávio Camargo,vitoria58@example.net,2025-01-20,Viúvo,Feminino,8,Headset Pro,Áudio,Headset,Hyperx,816.46,2,300.00
165,2024-01-18,118,Sr. Gustavo Garcia,estersiqueira@example.net,2024-01-05,Viúvo,Feminino,7,Cadeira Gamer,Móveis,Cadeira,Dxracer,1851.63,1,1500.00
166,2026-01-11,123,Pedro Miguel Câmara,alicia44@example.org,2025-01-17,Casado,Masculino,3,Tablet Plus,Tablets,Tablet,Apple,10309.71,3,3000.00
167,2023-01-06,119,Dante Jesus,lizmartins@example.net,2023-01-04,Casado,Masculino,3,Tablet Plus,Tablets,Tablet,Apple,12779.94,3,3000.00
168,2025-01-30,105,Francisco Silva,renanmarques@example.org,2025-01-18,Solteiro,Masculino,3,Tablet Plus,Tablets,Tablet,Apple,3945.77,1,3000.00
169,2025-01-15,109,Natália Machado,alice98@example.net,2025-01-12,Divorciado,Masculino,9,SSD 1TB,Armazenamento,SSD,Kingston,1860.48,3,450.00
170,2023-01-02,110,Amanda Da Cunha,fogacaemanuella@example.org,2023-01-04,Casado,Feminino,2,Smartphone X,Smartphones,Android,Samsung,5503.94,2,2100.00
171,2026-01-03,123,Pedro Miguel Câmara,alicia44@example.org,2025-01-17,Casado,Masculino,9,SSD 1TB,Armazenamento,SSD,Kingston,598.13,1,450.00
172,2025-01-02,104,Gael Henrique Da Cruz,ferreiralais@example.org,2025-01-19,Divorciado,Feminino,6,Teclado Mecânico,Periféricos,Teclado,Razer,518.31,1,400.00
173,2025-01-17,107,Augusto Siqueira,cardosojoao-pedro@example.org,2024-01-22,Solteiro,Feminino,8,Headset Pro,Áudio,Headset,Hyperx,1035.93,3,300.00
174,2024-01-27,113,Emanuel Camargo,kevin95@example.net,2024-01-29,Viúvo,Feminino,6,Teclado Mecânico,Periféricos,Teclado,Razer,968.34,2,400.00
175,2025-01-09,106,Apollo Da Cunha,larissa12@example.org,2025-01-18,Solteiro,Feminino,9,SSD 1TB,Armazenamento,SSD,Kingston,995.40,2,450.00
176,2026-01-10,128,Sr. Otávio Camargo,vitoria58@example.net,2025-01-20,Viúvo,Feminino,8,Headset Pro,Áudio,Headset,Hyperx,853.64,2,300.00
177,2026-01-02,108,Hadassa Caldeira,allanaaparecida@example.org,2024-01-08,Solteiro,Masculino,2,Smartphone X,Smartphones,Android,Samsung,3023.96,1,2100.00
178,2025-01-16,105,Francisco Silva,renanmarques@example.org,2025-01-18,Solteiro,Masculino,3,Tablet Plus,Tablets,Tablet,Apple,3688.30,1,3000.00
179,2026-01-10,107,Augusto Siqueira,cardosojoao-pedro@example.org,2024-01-22,Solteiro,Feminino,2,Smartphone X,Smartphones,Android,Samsung,8856.63,3,2100.00
180,2025-01-26,117,Srta. Maitê Barbosa,vieiratheo@example.com,2024-01-09,Viúvo,Feminino,3,Tablet Plus,Tablets,Tablet,Apple,7786.00,2,3000.00
181,2026-01-03,111,Lívia Azevedo,lorenacunha@example.org,2025-01-26,Divorciado,Feminino,8,Headset Pro,Áudio,Headset,Hyperx,665.90,2,300.00
182,2024-01-10,107,Augusto Siqueira,cardosojoao-pedro@example.org,2024-01-22,Solteiro,Feminino,1,Notebook Pro 15,Computadores,Notebook,Dell,16445.49,3,4200.00
183,2025-01-11,116,Henry Machado,salesmaria-flor@example.net,2025-01-10,Viúvo,Masculino,5,Mouse Gamer,Periféricos,Mouse,Logitech,297.04,2,120.00
184,2025-01-17,104,Gael Henrique Da Cruz,ferreiralais@example.org,2025-01-19,Divorciado,Feminino,7,Cadeira Gamer,Móveis,Cadeira,Dxracer,3616.34,2,1500.00
185,2025-01-03,117,Srta. Maitê Barbosa,vieiratheo@example.com,2024-01-09,Viúvo,Feminino,10,Impressora Laser,Impressoras,Laser,Hp,1489.82,1,1100.00
186,2024-01-31,115,Enzo Marques,ogomes@example.com,2023-01-10,Casado,Feminino,1,Notebook Pro 15,Computadores,Notebook,Dell,9539.06,2,4200.00
187,2025-01-31,130,Agatha Cavalcante,camargofernanda@example.net,2023-01-18,Divorciado,Masculino,1,Notebook Pro 15,Computadores,Notebook,Dell,6206.51,1,4200.00
188,2025-01-08,109,Natália Machado,alice98@example.net,2025-01-12,Divorciado,Masculino,7,Cadeira Gamer,Móveis,Cadeira,Dxracer,3585.08,2,1500.00
189,2025-01-27,109,Natália Machado,alice98@example.net,2025-01-12,Divorciado,Masculino,1,Notebook Pro 15,Computadores,Notebook,Dell,6115.47,1,4200.00
190,2025-01-12,104,Gael Henrique Da Cruz,ferreiralais@example.org,2025-01-19,Divorciado,Feminino,6,Teclado Mecânico,Periféricos,Teclado,Razer,1129.64,2,400.00
191,2026-01-01,126,Renan Monteiro,maria-fernanda02@example.net,2026-01-25,Solteiro,Masculino,3,Tablet Plus,Tablets,Tablet,Apple,7226.00,2,3000.00
192,2024-01-13,124,Maitê Viana,vianajulia@example.org,2024-01-21,Viúvo,Masculino,8,Headset Pro,Áudio,Headset,Hyperx,866.14,2,300.00
193,2025-01-13,106,Apollo Da Cunha,larissa12@example.org,2025-01-18,Solteiro,Feminino,6,Teclado Mecânico,Periféricos,Teclado,Razer,985.28,2,400.00
194,2025-01-22,129,Allana Moreira,brendamarques@example.net,2023-01-21,Viúvo,Masculino,7,Cadeira Gamer,Móveis,Cadeira,Dxracer,4174.38,2,1500.00
195,2026-01-09,123,Pedro Miguel Câmara,alicia44@example.org,2025-01-17,Casado,Masculino,6,Teclado Mecânico,Periféricos,Teclado,Razer,1377.00,3,400.00
196,2025-01-24,107,Augusto Siqueira,cardosojoao-pedro@example.org,2024-01-22,Solteiro,Feminino,10,Impressora Laser,Impressoras,Laser,Hp,3068.78,2,1100.00
197,2024-01-08,119,Dante Jesus,lizmartins@example.net,2023-01-04,Casado,Masculino,8,Headset Pro,Áudio,Headset,Hyperx,1098.66,3,300.00
198,2025-01-14,116,Henry Machado,salesmaria-flor@example.net,2025-01-10,Viúvo,Masculino,4,Monitor 27 4K,Periféricos,Monitor,Lg,1580.49,1,1200.00
199,2025-01-21,114,Mariana Azevedo,lopesana-carolina@example.net,2025-01-03,Solteiro,Masculino,10,Impressora Laser,Impressoras,Laser,Hp,1506.33,1,1100.00
200,2024-01-28,112,Antony Costa,rezendekevin@example.org,2024-01-08,Viúvo,Masculino,7,Cadeira Gamer,Móveis,Cadeira,Dxracer,2119.45,1,1500.00
201,2024-01-06,108,Hadassa Caldeira,allanaaparecida@example.org,2024-01-08,Solteiro,Masculino,4,Monitor 27 4K,Periféricos,Monitor,Lg,3254.26,2,1200.00
202,2025-01-26,106,Apollo Da Cunha,larissa12@example.org,2025-01-18,Solteiro,Feminino,8,Headset Pro,Áudio,Headset,Hyperx,720.18,2,300.00
203,2026-01-02,106,Apollo Da Cunha,larissa12@example.org,2025-01-18,Solteiro,Feminino,10,Impressora Laser,Impressoras,Laser,Hp,4868.25,3,1100.00
204,2025-01-20,103,Bianca Camargo,ncosta@example.org,2023-01-08,Solteiro,Masculino,7,Cadeira Gamer,Móveis,Cadeira,Dxracer,5530.83,3,1500.00
205,2025-01-19,115,Enzo Marques,ogomes@example.com,2023-01-10,Casado,Feminino,6,Teclado Mecânico,Periféricos,Teclado,Razer,498.39,1,400.00
206,2026-01-13,111,Lívia Azevedo,lorenacunha@example.org,2025-01-26,Divorciado,Feminino,4,Monitor 27 4K,Periféricos,Monitor,Lg,2733.16,2,1200.00
207,2024-01-31,130,Agatha Cavalcante,camargofernanda@example.net,2023-01-18,Divorciado,Masculino,7,Cadeira Gamer,Móveis,Cadeira,Dxracer,6744.93,3,1500.00
208,2026-01-17,128,Sr. Otávio Camargo,vitoria58@example.net,2025-01-20,Viúvo,Feminino,9,SSD 1TB,Armazenamento,SSD,Kingston,670.89,1,450.00
209,2025-01-10,112,Antony Costa,rezendekevin@example.org,2024-01-08,Viúvo,Masculino,10,Impressora Laser,Impressoras,Laser,Hp,1222.96,1,1100.00
210,2025-01-07,119,Dante Jesus,lizmartins@example.net,2023-01-04,Casado,Masculino,8,Headset Pro,Áudio,Headset,Hyperx,430.20,1,300.00
211,2025-01-24,105,Francisco Silva,renanmarques@example.org,2025-01-18,Solteiro,Masculino,10,Impressora Laser,Impressoras,Laser,Hp,1242.99,1,1100.00
212,2025-01-10,119,Dante Jesus,lizmartins@example.net,2023-01-04,Casado,Masculino,7,Cadeira Gamer,Móveis,Cadeira,Dxracer,6698.28,3,1500.00
213,2025-01-23,103,Bianca Camargo,ncosta@example.org,2023-01-08,Solteiro,Masculino,4,Monitor 27 4K,Periféricos,Monitor,Lg,1502.48,1,1200.00
214,2025-01-25,109,Natália Machado,alice98@example.net,2025-01-12,Divorciado,Masculino,8,Headset Pro,Áudio,Headset,Hyperx,416.24,1,300.00
215,2025-01-06,125,Srta. Maria Vitória Cardoso,antoniomoreira@example.com,2025-01-28,Viúvo,Feminino,5,Mouse Gamer,Periféricos,Mouse,Logitech,174.85,1,120.00
216,2024-01-30,115,Enzo Marques,ogomes@example.com,2023-01-10,Casado,Feminino,10,Impressora Laser,Impressoras,Laser,Hp,4588.53,3,1100.00
217,2025-01-08,110,Amanda Da Cunha,fogacaemanuella@example.org,2023-01-04,Casado,Feminino,2,Smartphone X,Smartphones,Android,Samsung,4921.82,2,2100.00
218,2025-01-28,114,Mariana Azevedo,lopesana-carolina@example.net,2025-01-03,Solteiro,Masculino,2,Smartphone X,Smartphones,Android,Samsung,7519.26,3,2100.00
219,2026-01-13,128,Sr. Otávio Camargo,vitoria58@example.net,2025-01-20,Viúvo,Feminino,9,SSD 1TB,Armazenamento,SSD,Kingston,661.53,1,450.00
220,2025-01-09,129,Allana Moreira,brendamarques@example.net,2023-01-21,Viúvo,Masculino,8,Headset Pro,Áudio,Headset,Hyperx,446.30,1,300.00
221,2025-01-25,105,Francisco Silva,renanmarques@example.org,2025-01-18,Solteiro,Masculino,1,Notebook Pro 15,Computadores,Notebook,Dell,9897.28,2,4200.00
222,2025-01-07,129,Allana Moreira,brendamarques@example.net,2023-01-21,Viúvo,Masculino,1,Notebook Pro 15,Computadores,Notebook,Dell,16419.60,3,4200.00
223,2025-01-23,101,Murilo Leão,marcelo69@example.org,2024-01-12,Divorciado,Feminino,1,Notebook Pro 15,Computadores,Notebook,Dell,5472.84,1,4200.00
224,2025-01-28,117,Srta. Maitê Barbosa,vieiratheo@example.com,2024-01-09,Viúvo,Feminino,2,Smartphone X,Smartphones,Android,Samsung,4745.10,2,2100.00
225,2025-01-05,111,Lívia Azevedo,lorenacunha@example.org,2025-01-26,Divorciado,Feminino,2,Smartphone X,Smartphones,Android,Samsung,5891.62,2,2100.00
226,2026-01-09,123,Pedro Miguel Câmara,alicia44@example.org,2025-01-17,Casado,Masculino,5,Mouse Gamer,Periféricos,Mouse,Logitech,280.16,2,120.00
227,2025-01-12,125,Srta. Maria Vitória Cardoso,antoniomoreira@example.com,2025-01-28,Viúvo,Feminino,8,Headset Pro,Áudio,Headset,Hyperx,1069.62,3,300.00
228,2023-01-10,115,Enzo Marques,ogomes@example.com,2023-01-10,Casado,Feminino,7,Cadeira Gamer,Móveis,Cadeira,Dxracer,4039.12,2,1500.00
229,2024-01-22,103,Bianca Camargo,ncosta@example.org,2023-01-08,Solteiro,Masculino,1,Notebook Pro 15,Computadores,Notebook,Dell,12109.72,2,4200.00
230,2024-01-08,119,Dante Jesus,lizmartins@example.net,2023-01-04,Casado,Masculino,2,Smartphone X,Smartphones,Android,Samsung,8262.57,3,2100.00
231,2026-01-02,120,Ana Liz Duarte,dantenunes@example.net,2026-01-01,Casado,Feminino,4,Monitor 27 4K,Periféricos,Monitor,Lg,1776.70,1,1200.00
232,2026-01-20,123,Pedro Miguel Câmara,alicia44@example.org,2025-01-17,Casado,Masculino,8,Headset Pro,Áudio,Headset,Hyperx,425.45,1,300.00
233,2026-01-01,130,Agatha Cavalcante,camargofernanda@example.net,2023-01-18,Divorciado,Masculino,10,Impressora Laser,Impressoras,Laser,Hp,3059.02,2,1100.00
234,2024-01-20,115,Enzo Marques,ogomes@example.com,2023-01-10,Casado,Feminino,7,Cadeira Gamer,Móveis,Cadeira,Dxracer,3574.56,2,1500.00
235,2025-01-01,111,Lívia Azevedo,lorenacunha@example.org,2025-01-26,Divorciado,Feminino,2,Smartphone X,Smartphones,Android,Samsung,4863.10,2,2100.00
236,2024-01-19,129,Allana Moreira,brendamarques@example.net,2023-01-21,Viúvo,Masculino,2,Smartphone X,Smartphones,Android,Samsung,6171.92,2,2100.00
237,2025-01-16,104,Gael Henrique Da Cruz,ferreiralais@example.org,2025-01-19,Divorciado,Feminino,5,Mouse Gamer,Periféricos,Mouse,Logitech,167.62,1,120.00
238,2025-01-18,101,Murilo Leão,marcelo69@example.org,2024-01-12,Divorciado,Feminino,3,Tablet Plus,Tablets,Tablet,Apple,12524.64,3,3000.00
239,2026-01-26,126,Renan Monteiro,maria-fernanda02@example.net,2026-01-25,Solteiro,Masculino,4,Monitor 27 4K,Periféricos,Monitor,Lg,1627.40,1,1200.00
240,2025-01-11,111,Lívia Azevedo,lorenacunha@example.org,2025-01-26,Divorciado,Feminino,3,Tablet Plus,Tablets,Tablet,Apple,3328.51,1,3000.00
241,2025-01-20,121,Luiz Fernando Alves,juliana61@example.com,2023-01-13,Viúvo,Masculino,1,Notebook Pro 15,Computadores,Notebook,Dell,14211.00,3,4200.00
242,2024-01-20,118,Sr. Gustavo Garcia,estersiqueira@example.net,2024-01-05,Viúvo,Feminino,2,Smartphone X,Smartphones,Android,Samsung,6113.72,2,2100.00
243,2025-01-13,129,Allana Moreira,brendamarques@example.net,2023-01-21,Viúvo,Masculino,3,Tablet Plus,Tablets,Tablet,Apple,3550.58,1,3000.00
244,2025-01-04,114,Mariana Azevedo,lopesana-carolina@example.net,2025-01-03,Solteiro,Masculino,8,Headset Pro,Áudio,Headset,Hyperx,362.75,1,300.00
245,2023-01-16,121,Luiz Fernando Alves,juliana61@example.com,2023-01-13,Viúvo,Masculino,10,Impressora Laser,Impressoras,Laser,Hp,4687.59,3,1100.00
246,2026-01-28,126,Renan Monteiro,maria-fernanda02@example.net,2026-01-25,Solteiro,Masculino,9,SSD 1TB,Armazenamento,SSD,Kingston,1066.46,2,450.00
247,2025-01-29,109,Natália Machado,alice98@example.net,2025-01-12,Divorciado,Masculino,8,Headset Pro,Áudio,Headset,Hyperx,890.92,2,300.00
248,2025-01-11,122,Josué Moraes,mendesana-cecilia@example.org,2025-01-31,Divorciado,Masculino,6,Teclado Mecânico,Periféricos,Teclado,Razer,1671.60,3,400.00
249,2026-01-13,123,Pedro Miguel Câmara,alicia44@example.org,2025-01-17,Casado,Masculino,6,Teclado Mecânico,Periféricos,Teclado,Razer,1111.78,2,400.00
250,2025-01-19,117,Srta. Maitê Barbosa,vieiratheo@example.com,2024-01-09,Viúvo,Feminino,2,Smartphone X,Smartphones,Android,Samsung,5065.54,2,2100.00
251,2025-01-28,104,Gael Henrique Da Cruz,ferreiralais@example.org,2025-01-19,Divorciado,Feminino,8,Headset Pro,Áudio,Headset,Hyperx,1275.06,3,300.00
252,2026-01-26,126,Renan Monteiro,maria-fernanda02@example.net,2026-01-25,Solteiro,Masculino,4,Monitor 27 4K,Periféricos,Monitor,Lg,1720.36,1,1200.00
253,2025-01-28,128,Sr. Otávio Camargo,vitoria58@example.net,2025-01-20,Viúvo,Feminino,6,Teclado Mecânico,Periféricos,Teclado,Razer,527.62,1,400.00
254,2025-01-02,106,Apollo Da Cunha,larissa12@example.org,2025-01-18,Solteiro,Feminino,4,Monitor 27 4K,Periféricos,Monitor,Lg,1462.16,1,1200.00
255,2025-01-08,103,Bianca Camargo,ncosta@example.org,2023-01-08,Solteiro,Masculino,8,Headset Pro,Áudio,Headset,Hyperx,1061.10,3,300.00
256,2025-01-20,111,Lívia Azevedo,lorenacunha@example.org,2025-01-26,Divorciado,Feminino,8,Headset Pro,Áudio,Headset,Hyperx,1150.41,3,300.00
257,2026-01-05,128,Sr. Otávio Camargo,vitoria58@example.net,2025-01-20,Viúvo,Feminino,1,Notebook Pro 15,Computadores,Notebook,Dell,14028.66,3,4200.00
258,2025-01-24,117,Srta. Maitê Barbosa,vieiratheo@example.com,2024-01-09,Viúvo,Feminino,10,Impressora Laser,Impressoras,Laser,Hp,1357.77,1,1100.00
259,2025-01-26,110,Amanda Da Cunha,fogacaemanuella@example.org,2023-01-04,Casado,Feminino,4,Monitor 27 4K,Periféricos,Monitor,Lg,4247.85,3,1200.00
260,2026-01-27,123,Pedro Miguel Câmara,alicia44@example.org,2025-01-17,Casado,Masculino,6,Teclado Mecânico,Periféricos,Teclado,Razer,545.34,1,400.00
261,2025-01-02,115,Enzo Marques,ogomes@example.com,2023-01-10,Casado,Feminino,2,Smartphone X,Smartphones,Android,Samsung,9068.67,3,2100.00
262,2024-01-29,102,Guilherme Novais,santosbeatriz@example.net,2024-01-03,Casado,Feminino,7,Cadeira Gamer,Móveis,Cadeira,Dxracer,6053.10,3,1500.00
263,2025-01-01,104,Gael Henrique Da Cruz,ferreiralais@example.org,2025-01-19,Divorciado,Feminino,10,Impressora Laser,Impressoras,Laser,Hp,2769.52,2,1100.00
264,2025-01-11,122,Josué Moraes,mendesana-cecilia@example.org,2025-01-31,Divorciado,Masculino,6,Teclado Mecânico,Periféricos,Teclado,Razer,1138.00,2,400.00
265,2024-01-23,117,Srta. Maitê Barbosa,vieiratheo@example.com,2024-01-09,Viúvo,Feminino,9,SSD 1TB,Armazenamento,SSD,Kingston,1667.22,3,450.00
266,2026-01-16,116,Henry Machado,salesmaria-flor@example.net,2025-01-10,Viúvo,Masculino,1,Notebook Pro 15,Computadores,Notebook,Dell,18880.38,3,4200.00
267,2025-01-28,110,Amanda Da Cunha,fogacaemanuella@example.org,2023-01-04,Casado,Feminino,10,Impressora Laser,Impressoras,Laser,Hp,1253.80,1,1100.00
268,2024-01-05,130,Agatha Cavalcante,camargofernanda@example.net,2023-01-18,Divorciado,Masculino,10,Impressora Laser,Impressoras,Laser,Hp,2627.14,2,1100.00
269,2024-01-02,124,Maitê Viana,vianajulia@example.org,2024-01-21,Viúvo,Masculino,2,Smartphone X,Smartphones,Android,Samsung,5596.10,2,2100.00
270,2025-01-18,121,Luiz Fernando Alves,juliana61@example.com,2023-01-13,Viúvo,Masculino,5,Mouse Gamer,Periféricos,Mouse,Logitech,356.90,2,120.00
271,2026-01-18,120,Ana Liz Duarte,dantenunes@example.net,2026-01-01,Casado,Feminino,7,Cadeira Gamer,Móveis,Cadeira,Dxracer,5503.26,3,1500.00
272,2025-01-21,105,Francisco Silva,renanmarques@example.org,2025-01-18,Solteiro,Masculino,3,Tablet Plus,Tablets,Tablet,Apple,12865.47,3,3000.00
273,2026-01-27,105,Francisco Silva,renanmarques@example.org,2025-01-18,Solteiro,Masculino,6,Teclado Mecânico,Periféricos,Teclado,Razer,1342.29,3,400.00
274,2026-01-14,120,Ana Liz Duarte,dantenunes@example.net,2026-01-01,Casado,Feminino,3,Tablet Plus,Tablets,Tablet,Apple,8660.88,2,3000.00
275,2025-01-21,118,Sr. Gustavo Garcia,estersiqueira@example.net,2024-01-05,Viúvo,Feminino,10,Impressora Laser,Impressoras,Laser,Hp,3057.78,2,1100.00
276,2025-01-05,124,Maitê Viana,vianajulia@example.org,2024-01-21,Viúvo,Masculino,9,SSD 1TB,Armazenamento,SSD,Kingston,621.97,1,450.00
277,2026-01-14,128,Sr. Otávio Camargo,vitoria58@example.net,2025-01-20,Viúvo,Feminino,3,Tablet Plus,Tablets,Tablet,Apple,12425.43,3,3000.00
278,2026-01-26,128,Sr. Otávio Camargo,vitoria58@example.net,2025-01-20,Viúvo,Feminino,5,Mouse Gamer,Periféricos,Mouse,Logitech,404.34,3,120.00
279,2025-01-18,104,Gael Henrique Da Cruz,ferreiralais@example.org,2025-01-19,Divorciado,Feminino,6,Teclado Mecânico,Periféricos,Teclado,Razer,1532.46,3,400.00
280,2026-01-12,109,Natália Machado,alice98@example.net,2025-01-12,Divorciado,Masculino,6,Teclado Mecânico,Periféricos,Teclado,Razer,999.42,2,400.00
281,2025-01-12,112,Antony Costa,rezendekevin@example.org,2024-01-08,Viúvo,Masculino,5,Mouse Gamer,Periféricos,Mouse,Logitech,275.82,2,120.00
282,2025-01-17,125,Srta. Maria Vitória Cardoso,antoniomoreira@example.com,2025-01-28,Viúvo,Feminino,7,Cadeira Gamer,Móveis,Cadeira,Dxracer,4472.48,2,1500.00
283,2024-01-06,113,Emanuel Camargo,kevin95@example.net,2024-01-29,Viúvo,Feminino,5,Mouse Gamer,Periféricos,Mouse,Logitech,521.46,3,120.00
284,2025-01-02,104,Gael Henrique Da Cruz,ferreiralais@example.org,2025-01-19,Divorciado,Feminino,2,Smartphone X,Smartphones,Android,Samsung,6942.87,3,2100.00
285,2025-01-10,127,Hellena Brito,theocosta@example.com,2024-01-01,Casado,Feminino,6,Teclado Mecânico,Periféricos,Teclado,Razer,1189.90,2,400.00
286,2026-01-10,104,Gael Henrique Da Cruz,ferreiralais@example.org,2025-01-19,Divorciado,Feminino,3,Tablet Plus,Tablets,Tablet,Apple,8883.56,2,3000.00
287,2025-01-13,125,Srta. Maria Vitória Cardoso,antoniomoreira@example.com,2025-01-28,Viúvo,Feminino,2,Smartphone X,Smartphones,Android,Samsung,7284.69,3,2100.00
288,2024-01-11,130,Agatha Cavalcante,camargofernanda@example.net,2023-01-18,Divorciado,Masculino,4,Monitor 27 4K,Periféricos,Monitor,Lg,3378.18,2,1200.00
289,2023-01-23,130,Agatha Cavalcante,camargofernanda@example.net,2023-01-18,Divorciado,Masculino,3,Tablet Plus,Tablets,Tablet,Apple,11282.85,3,3000.00
290,2024-01-22,124,Maitê Viana,vianajulia@example.org,2024-01-21,Viúvo,Masculino,1,Notebook Pro 15,Computadores,Notebook,Dell,14652.27,3,4200.00
291,2025-01-23,110,Amanda Da Cunha,fogacaemanuella@example.org,2023-01-04,Casado,Feminino,3,Tablet Plus,Tablets,Tablet,Apple,13400.73,3,3000.00
292,2025-01-25,107,Augusto Siqueira,cardosojoao-pedro@example.org,2024-01-22,Solteiro,Feminino,1,Notebook Pro 15,Computadores,Notebook,Dell,4697.65,1,4200.00
293,2026-01-26,128,Sr. Otávio Camargo,vitoria58@example.net,2025-01-20,Viúvo,Feminino,1,Notebook Pro 15,Computadores,Notebook,Dell,5970.99,1,4200.00
294,2026-01-21,123,Pedro Miguel Câmara,alicia44@example.org,2025-01-17,Casado,Masculino,1,Notebook Pro 15,Computadores,Notebook,Dell,11526.34,2,4200.00
295,2025-01-02,119,Dante Jesus,lizmartins@example.net,2023-01-04,Casado,Masculino,6,Teclado Mecânico,Periféricos,Teclado,Razer,893.76,2,400.00
296,2025-01-20,109,Natália Machado,alice98@example.net,2025-01-12,Divorciado,Masculino,10,Impressora Laser,Impressoras,Laser,Hp,3169.62,2,1100.00
297,2025-01-03,105,Francisco Silva,renanmarques@example.org,2025-01-18,Solteiro,Masculino,6,Teclado Mecânico,Periféricos,Teclado,Razer,1618.53,3,400.00
298,2026-01-11,104,Gael Henrique Da Cruz,ferreiralais@example.org,2025-01-19,Divorciado,Feminino,10,Impressora Laser,Impressoras,Laser,Hp,1534.08,1,1100.00
299,2025-01-28,106,Apollo Da Cunha,larissa12@example.org,2025-01-18,Solteiro,Feminino,4,Monitor 27 4K,Periféricos,Monitor,Lg,2907.74,2,1200.00
300,2025-01-25,124,Maitê Viana,vianajulia@example.org,2024-01-21,Viúvo,Masculino,8,Headset Pro,Áudio,Headset,Hyperx,358.60,1,300.00
301,2025-01-13,117,Srta. Maitê Barbosa,vieiratheo@example.com,2024-01-09,Viúvo,Feminino,3,Tablet Plus,Tablets,Tablet,Apple,7736.52,2,3000.00
302,2026-01-20,120,Ana Liz Duarte,dantenunes@example.net,2026-01-01,Casado,Feminino,1,Notebook Pro 15,Computadores,Notebook,Dell,17773.44,3,4200.00
303,2025-01-18,122,Josué Moraes,mendesana-cecilia@example.org,2025-01-31,Divorciado,Masculino,9,SSD 1TB,Armazenamento,SSD,Kingston,607.49,1,450.00
304,2025-01-24,124,Maitê Viana,vianajulia@example.org,2024-01-21,Viúvo,Masculino,6,Teclado Mecânico,Periféricos,Teclado,Razer,915.48,2,400.00
305,2024-01-07,118,Sr. Gustavo Garcia,estersiqueira@example.net,2024-01-05,Viúvo,Feminino,4,Monitor 27 4K,Periféricos,Monitor,Lg,1614.24,1,1200.00
306,2025-01-26,104,Gael Henrique Da Cruz,ferreiralais@example.org,2025-01-19,Divorciado,Feminino,3,Tablet Plus,Tablets,Tablet,Apple,7459.82,2,3000.00
307,2024-01-27,124,Maitê Viana,vianajulia@example.org,2024-01-21,Viúvo,Masculino,10,Impressora Laser,Impressoras,Laser,Hp,1505.40,1,1100.00
308,2025-01-06,106,Apollo Da Cunha,larissa12@example.org,2025-01-18,Solteiro,Feminino,1,Notebook Pro 15,Computadores,Notebook,Dell,9348.60,2,4200.00
309,2024-01-30,124,Maitê Viana,vianajulia@example.org,2024-01-21,Viúvo,Masculino,3,Tablet Plus,Tablets,Tablet,Apple,4150.89,1,3000.00
310,2023-01-08,110,Amanda Da Cunha,fogacaemanuella@example.org,2023-01-04,Casado,Feminino,8,Headset Pro,Áudio,Headset,Hyperx,1039.50,3,300.00
311,2025-01-05,127,Hellena Brito,theocosta@example.com,2024-01-01,Casado,Feminino,6,Teclado Mecânico,Periféricos,Teclado,Razer,1496.73,3,400.00
312,2025-01-28,101,Murilo Leão,marcelo69@example.org,2024-01-12,Divorciado,Feminino,8,Headset Pro,Áudio,Headset,Hyperx,1167.09,3,300.00
313,2023-01-31,103,Bianca Camargo,ncosta@example.org,2023-01-08,Solteiro,Masculino,7,Cadeira Gamer,Móveis,Cadeira,Dxracer,5892.48,3,1500.00
314,2024-01-13,103,Bianca Camargo,ncosta@example.org,2023-01-08,Solteiro,Masculino,4,Monitor 27 4K,Periféricos,Monitor,Lg,1654.95,1,1200.00
315,2025-01-19,117,Srta. Maitê Barbosa,vieiratheo@example.com,2024-01-09,Viúvo,Feminino,9,SSD 1TB,Armazenamento,SSD,Kingston,995.80,2,450.00
316,2026-01-07,128,Sr. Otávio Camargo,vitoria58@example.net,2025-01-20,Viúvo,Feminino,7,Cadeira Gamer,Móveis,Cadeira,Dxracer,5273.37,3,1500.00
317,2025-01-27,107,Augusto Siqueira,cardosojoao-pedro@example.org,2024-01-22,Solteiro,Feminino,1,Notebook Pro 15,Computadores,Notebook,Dell,5858.78,1,4200.00
318,2025-01-26,111,Lívia Azevedo,lorenacunha@example.org,2025-01-26,Divorciado,Feminino,3,Tablet Plus,Tablets,Tablet,Apple,3337.09,1,3000.00
319,2024-01-03,108,Hadassa Caldeira,allanaaparecida@example.org,2024-01-08,Solteiro,Masculino,10,Impressora Laser,Impressoras,Laser,Hp,2440.34,2,1100.00
320,2025-01-15,112,Antony Costa,rezendekevin@example.org,2024-01-08,Viúvo,Masculino,4,Monitor 27 4K,Periféricos,Monitor,Lg,1795.04,1,1200.00
321,2026-01-24,123,Pedro Miguel Câmara,alicia44@example.org,2025-01-17,Casado,Masculino,6,Teclado Mecânico,Periféricos,Teclado,Razer,981.64,2,400.00
322,2024-01-14,124,Maitê Viana,vianajulia@example.org,2024-01-21,Viúvo,Masculino,4,Monitor 27 4K,Periféricos,Monitor,Lg,3548.78,2,1200.00
323,2025-01-19,110,Amanda Da Cunha,fogacaemanuella@example.org,2023-01-04,Casado,Feminino,9,SSD 1TB,Armazenamento,SSD,Kingston,1792.29,3,450.00
324,2025-01-02,121,Luiz Fernando Alves,juliana61@example.com,2023-01-13,Viúvo,Masculino,6,Teclado Mecânico,Periféricos,Teclado,Razer,1121.10,2,400.00
325,2024-01-21,110,Amanda Da Cunha,fogacaemanuella@example.org,2023-01-04,Casado,Feminino,3,Tablet Plus,Tablets,Tablet,Apple,11508.39,3,3000.00
326,2025-01-03,109,Natália Machado,alice98@example.net,2025-01-12,Divorciado,Masculino,4,Monitor 27 4K,Periféricos,Monitor,Lg,4118.67,3,1200.00
327,2024-01-09,110,Amanda Da Cunha,fogacaemanuella@example.org,2023-01-04,Casado,Feminino,1,Notebook Pro 15,Computadores,Notebook,Dell,5889.07,1,4200.00
328,2026-01-12,111,Lívia Azevedo,lorenacunha@example.org,2025-01-26,Divorciado,Feminino,7,Cadeira Gamer,Móveis,Cadeira,Dxracer,3460.82,2,1500.00
329,2024-01-07,130,Agatha Cavalcante,camargofernanda@example.net,2023-01-18,Divorciado,Masculino,3,Tablet Plus,Tablets,Tablet,Apple,6691.56,2,3000.00
330,2025-01-27,108,Hadassa Caldeira,allanaaparecida@example.org,2024-01-08,Solteiro,Masculino,4,Monitor 27 4K,Periféricos,Monitor,Lg,1336.20,1,1200.00
331,2023-01-25,130,Agatha Cavalcante,camargofernanda@example.net,2023-01-18,Divorciado,Masculino,4,Monitor 27 4K,Periféricos,Monitor,Lg,1500.18,1,1200.00
332,2025-01-15,112,Antony Costa,rezendekevin@example.org,2024-01-08,Viúvo,Masculino,8,Headset Pro,Áudio,Headset,Hyperx,874.16,2,300.00
333,2026-01-14,102,Guilherme Novais,santosbeatriz@example.net,2024-01-03,Casado,Feminino,3,Tablet Plus,Tablets,Tablet,Apple,12909.09,3,3000.00
334,2025-01-11,113,Emanuel Camargo,kevin95@example.net,2024-01-29,Viúvo,Feminino,8,Headset Pro,Áudio,Headset,Hyperx,705.16,2,300.00
335,2025-01-17,107,Augusto Siqueira,cardosojoao-pedro@example.org,2024-01-22,Solteiro,Feminino,2,Smartphone X,Smartphones,Android,Samsung,3039.76,1,2100.00
336,2026-01-13,125,Srta. Maria Vitória Cardoso,antoniomoreira@example.com,2025-01-28,Viúvo,Feminino,4,Monitor 27 4K,Periféricos,Monitor,Lg,5219.61,3,1200.00
337,2025-01-21,111,Lívia Azevedo,lorenacunha@example.org,2025-01-26,Divorciado,Feminino,10,Impressora Laser,Impressoras,Laser,Hp,1639.86,1,1100.00
338,2025-01-30,124,Maitê Viana,vianajulia@example.org,2024-01-21,Viúvo,Masculino,5,Mouse Gamer,Periféricos,Mouse,Logitech,316.22,2,120.00
339,2026-01-25,121,Luiz Fernando Alves,juliana61@example.com,2023-01-13,Viúvo,Masculino,10,Impressora Laser,Impressoras,Laser,Hp,4337.37,3,1100.00
340,2024-01-10,110,Amanda Da Cunha,fogacaemanuella@example.org,2023-01-04,Casado,Feminino,2,Smartphone X,Smartphones,Android,Samsung,4959.32,2,2100.00
341,2024-01-22,103,Bianca Camargo,ncosta@example.org,2023-01-08,Solteiro,Masculino,2,Smartphone X,Smartphones,Android,Samsung,5235.64,2,2100.00
342,2026-01-05,120,Ana Liz Duarte,dantenunes@example.net,2026-01-01,Casado,Feminino,2,Smartphone X,Smartphones,Android,Samsung,7273.47,3,2100.00
343,2025-01-04,113,Emanuel Camargo,kevin95@example.net,2024-01-29,Viúvo,Feminino,1,Notebook Pro 15,Computadores,Notebook,Dell,9613.90,2,4200.00
344,2026-01-24,111,Lívia Azevedo,lorenacunha@example.org,2025-01-26,Divorciado,Feminino,8,Headset Pro,Áudio,Headset,Hyperx,402.19,1,300.00
345,2026-01-26,126,Renan Monteiro,maria-fernanda02@example.net,2026-01-25,Solteiro,Masculino,3,Tablet Plus,Tablets,Tablet,Apple,10663.11,3,3000.00
346,2025-01-20,108,Hadassa Caldeira,allanaaparecida@example.org,2024-01-08,Solteiro,Masculino,6,Teclado Mecânico,Periféricos,Teclado,Razer,440.29,1,400.00
347,2024-01-17,129,Allana Moreira,brendamarques@example.net,2023-01-21,Viúvo,Masculino,7,Cadeira Gamer,Móveis,Cadeira,Dxracer,1751.76,1,1500.00
348,2025-01-20,109,Natália Machado,alice98@example.net,2025-01-12,Divorciado,Masculino,4,Monitor 27 4K,Periféricos,Monitor,Lg,3999.00,3,1200.00
349,2025-01-12,125,Srta. Maria Vitória Cardoso,antoniomoreira@example.com,2025-01-28,Viúvo,Feminino,8,Headset Pro,Áudio,Headset,Hyperx,339.86,1,300.00
350,2025-01-02,129,Allana Moreira,brendamarques@example.net,2023-01-21,Viúvo,Masculino,1,Notebook Pro 15,Computadores,Notebook,Dell,11819.38,2,4200.00
351,2025-01-30,101,Murilo Leão,marcelo69@example.org,2024-01-12,Divorciado,Feminino,3,Tablet Plus,Tablets,Tablet,Apple,11685.21,3,3000.00
352,2025-01-25,122,Josué Moraes,mendesana-cecilia@example.org,2025-01-31,Divorciado,Masculino,2,Smartphone X,Smartphones,Android,Samsung,9234.00,3,2100.00
353,2026-01-25,111,Lívia Azevedo,lorenacunha@example.org,2025-01-26,Divorciado,Feminino,8,Headset Pro,Áudio,Headset,Hyperx,787.62,2,300.00
354,2026-01-26,114,Mariana Azevedo,lopesana-carolina@example.net,2025-01-03,Solteiro,Masculino,5,Mouse Gamer,Periféricos,Mouse,Logitech,145.25,1,120.00
355,2026-01-20,120,Ana Liz Duarte,dantenunes@example.net,2026-01-01,Casado,Feminino,3,Tablet Plus,Tablets,Tablet,Apple,10848.75,3,3000.00
356,2026-01-11,123,Pedro Miguel Câmara,alicia44@example.org,2025-01-17,Casado,Masculino,6,Teclado Mecânico,Periféricos,Teclado,Razer,586.70,1,400.00
357,2025-01-20,119,Dante Jesus,lizmartins@example.net,2023-01-04,Casado,Masculino,9,SSD 1TB,Armazenamento,SSD,Kingston,1529.07,3,450.00
358,2025-01-10,125,Srta. Maria Vitória Cardoso,antoniomoreira@example.com,2025-01-28,Viúvo,Feminino,5,Mouse Gamer,Periféricos,Mouse,Logitech,159.73,1,120.00
359,2025-01-23,102,Guilherme Novais,santosbeatriz@example.net,2024-01-03,Casado,Feminino,7,Cadeira Gamer,Móveis,Cadeira,Dxracer,6144.84,3,1500.00
360,2025-01-15,116,Henry Machado,salesmaria-flor@example.net,2025-01-10,Viúvo,Masculino,5,Mouse Gamer,Periféricos,Mouse,Logitech,147.94,1,120.00
361,2025-01-09,127,Hellena Brito,theocosta@example.com,2024-01-01,Casado,Feminino,1,Notebook Pro 15,Computadores,Notebook,Dell,15078.90,3,4200.00
362,2025-01-17,103,Bianca Camargo,ncosta@example.org,2023-01-08,Solteiro,Masculino,4,Monitor 27 4K,Periféricos,Monitor,Lg,1589.20,1,1200.00
363,2025-01-15,127,Hellena Brito,theocosta@example.com,2024-01-01,Casado,Feminino,5,Mouse Gamer,Periféricos,Mouse,Logitech,480.60,3,120.00
364,2024-01-23,108,Hadassa Caldeira,allanaaparecida@example.org,2024-01-08,Solteiro,Masculino,7,Cadeira Gamer,Móveis,Cadeira,Dxracer,5095.38,3,1500.00
365,2024-01-15,124,Maitê Viana,vianajulia@example.org,2024-01-21,Viúvo,Masculino,6,Teclado Mecânico,Periféricos,Teclado,Razer,1110.78,2,400.00
366,2025-01-11,110,Amanda Da Cunha,fogacaemanuella@example.org,2023-01-04,Casado,Feminino,9,SSD 1TB,Armazenamento,SSD,Kingston,672.27,1,450.00
367,2025-01-20,130,Agatha Cavalcante,camargofernanda@example.net,2023-01-18,Divorciado,Masculino,8,Headset Pro,Áudio,Headset,Hyperx,735.26,2,300.00
368,2025-01-11,115,Enzo Marques,ogomes@example.com,2023-01-10,Casado,Feminino,2,Smartphone X,Smartphones,Android,Samsung,5903.44,2,2100.00
369,2026-01-08,116,Henry Machado,salesmaria-flor@example.net,2025-01-10,Viúvo,Masculino,7,Cadeira Gamer,Móveis,Cadeira,Dxracer,5212.83,3,1500.00
370,2024-01-17,130,Agatha Cavalcante,camargofernanda@example.net,2023-01-18,Divorciado,Masculino,4,Monitor 27 4K,Periféricos,Monitor,Lg,5275.44,3,1200.00
371,2025-01-20,127,Hellena Brito,theocosta@example.com,2024-01-01,Casado,Feminino,2,Smartphone X,Smartphones,Android,Samsung,6253.14,2,2100.00
372,2025-01-11,117,Srta. Maitê Barbosa,vieiratheo@example.com,2024-01-09,Viúvo,Feminino,8,Headset Pro,Áudio,Headset,Hyperx,1314.54,3,300.00
373,2025-01-17,104,Gael Henrique Da Cruz,ferreiralais@example.org,2025-01-19,Divorciado,Feminino,3,Tablet Plus,Tablets,Tablet,Apple,10461.99,3,3000.00
374,2024-01-14,117,Srta. Maitê Barbosa,vieiratheo@example.com,2024-01-09,Viúvo,Feminino,3,Tablet Plus,Tablets,Tablet,Apple,10843.26,3,3000.00
375,2025-01-12,127,Hellena Brito,theocosta@example.com,2024-01-01,Casado,Feminino,3,Tablet Plus,Tablets,Tablet,Apple,10485.27,3,3000.00
376,2026-01-15,117,Srta. Maitê Barbosa,vieiratheo@example.com,2024-01-09,Viúvo,Feminino,7,Cadeira Gamer,Móveis,Cadeira,Dxracer,5831.52,3,1500.00
377,2025-01-28,119,Dante Jesus,lizmartins@example.net,2023-01-04,Casado,Masculino,8,Headset Pro,Áudio,Headset,Hyperx,778.98,2,300.00
378,2025-01-05,104,Gael Henrique Da Cruz,ferreiralais@example.org,2025-01-19,Divorciado,Feminino,7,Cadeira Gamer,Móveis,Cadeira,Dxracer,5440.89,3,1500.00
379,2025-01-03,106,Apollo Da Cunha,larissa12@example.org,2025-01-18,Solteiro,Feminino,8,Headset Pro,Áudio,Headset,Hyperx,1059.03,3,300.00
380,2026-01-23,105,Francisco Silva,renanmarques@example.org,2025-01-18,Solteiro,Masculino,2,Smartphone X,Smartphones,Android,Samsung,5287.72,2,2100.00
381,2025-01-02,114,Mariana Azevedo,lopesana-carolina@example.net,2025-01-03,Solteiro,Masculino,7,Cadeira Gamer,Móveis,Cadeira,Dxracer,3591.14,2,1500.00
382,2024-01-25,130,Agatha Cavalcante,camargofernanda@example.net,2023-01-18,Divorciado,Masculino,3,Tablet Plus,Tablets,Tablet,Apple,11369.31,3,3000.00
383,2024-01-05,124,Maitê Viana,vianajulia@example.org,2024-01-21,Viúvo,Masculino,7,Cadeira Gamer,Móveis,Cadeira,Dxracer,1824.62,1,1500.00
384,2025-01-17,104,Gael Henrique Da Cruz,ferreiralais@example.org,2025-01-19,Divorciado,Feminino,5,Mouse Gamer,Periféricos,Mouse,Logitech,449.67,3,120.00
385,2025-01-26,122,Josué Moraes,mendesana-cecilia@example.org,2025-01-31,Divorciado,Masculino,5,Mouse Gamer,Periféricos,Mouse,Logitech,519.57,3,120.00
386,2026-01-26,126,Renan Monteiro,maria-fernanda02@example.net,2026-01-25,Solteiro,Masculino,5,Mouse Gamer,Periféricos,Mouse,Logitech,412.14,3,120.00
387,2026-01-23,119,Dante Jesus,lizmartins@example.net,2023-01-04,Casado,Masculino,8,Headset Pro,Áudio,Headset,Hyperx,1027.86,3,300.00
388,2025-01-01,101,Murilo Leão,marcelo69@example.org,2024-01-12,Divorciado,Feminino,10,Impressora Laser,Impressoras,Laser,Hp,3694.11,3,1100.00
389,2025-01-16,129,Allana Moreira,brendamarques@example.net,2023-01-21,Viúvo,Masculino,4,Monitor 27 4K,Periféricos,Monitor,Lg,1474.60,1,1200.00
390,2026-01-03,128,Sr. Otávio Camargo,vitoria58@example.net,2025-01-20,Viúvo,Feminino,2,Smartphone X,Smartphones,Android,Samsung,4738.76,2,2100.00
391,2025-01-28,111,Lívia Azevedo,lorenacunha@example.org,2025-01-26,Divorciado,Feminino,4,Monitor 27 4K,Periféricos,Monitor,Lg,1621.62,1,1200.00
392,2025-01-25,116,Henry Machado,salesmaria-flor@example.net,2025-01-10,Viúvo,Masculino,8,Headset Pro,Áudio,Headset,Hyperx,1187.22,3,300.00
393,2025-01-07,129,Allana Moreira,brendamarques@example.net,2023-01-21,Viúvo,Masculino,9,SSD 1TB,Armazenamento,SSD,Kingston,1076.62,2,450.00
394,2024-01-07,129,Allana Moreira,brendamarques@example.net,2023-01-21,Viúvo,Masculino,9,SSD 1TB,Armazenamento,SSD,Kingston,538.54,1,450.00
395,2025-01-20,114,Mariana Azevedo,lopesana-carolina@example.net,2025-01-03,Solteiro,Masculino,5,Mouse Gamer,Periféricos,Mouse,Logitech,299.30,2,120.00
396,2025-01-21,128,Sr. Otávio Camargo,vitoria58@example.net,2025-01-20,Viúvo,Feminino,4,Monitor 27 4K,Periféricos,Monitor,Lg,1534.82,1,1200.00
397,2025-01-06,101,Murilo Leão,marcelo69@example.org,2024-01-12,Divorciado,Feminino,1,Notebook Pro 15,Computadores,Notebook,Dell,17580.87,3,4200.00
398,2025-01-23,111,Lívia Azevedo,lorenacunha@example.org,2025-01-26,Divorciado,Feminino,6,Teclado Mecânico,Periféricos,Teclado,Razer,509.23,1,400.00
399,2026-01-01,126,Renan Monteiro,maria-fernanda02@example.net,2026-01-25,Solteiro,Masculino,9,SSD 1TB,Armazenamento,SSD,Kingston,605.59,1,450.00
400,2024-01-14,117,Srta. Maitê Barbosa,vieiratheo@example.com,2024-01-09,Viúvo,Feminino,10,Impressora Laser,Impressoras,Laser,Hp,1358.45,1,1100.00
401,2026-01-08,122,Josué Moraes,mendesana-cecilia@example.org,2025-01-31,Divorciado,Masculino,4,Monitor 27 4K,Periféricos,Monitor,Lg,2658.78,2,1200.00
402,2026-01-07,128,Sr. Otávio Camargo,vitoria58@example.net,2025-01-20,Viúvo,Feminino,4,Monitor 27 4K,Periféricos,Monitor,Lg,4375.95,3,1200.00
403,2024-01-17,112,Antony Costa,rezendekevin@example.org,2024-01-08,Viúvo,Masculino,8,Headset Pro,Áudio,Headset,Hyperx,1258.74,3,300.00
404,2026-01-24,103,Bianca Camargo,ncosta@example.org,2023-01-08,Solteiro,Masculino,6,Teclado Mecânico,Periféricos,Teclado,Razer,1380.00,3,400.00
405,2025-01-11,111,Lívia Azevedo,lorenacunha@example.org,2025-01-26,Divorciado,Feminino,8,Headset Pro,Áudio,Headset,Hyperx,1061.13,3,300.00
406,2025-01-03,104,Gael Henrique Da Cruz,ferreiralais@example.org,2025-01-19,Divorciado,Feminino,6,Teclado Mecânico,Periféricos,Teclado,Razer,1441.35,3,400.00
407,2026-01-25,126,Renan Monteiro,maria-fernanda02@example.net,2026-01-25,Solteiro,Masculino,4,Monitor 27 4K,Periféricos,Monitor,Lg,1777.89,1,1200.00
408,2025-01-21,128,Sr. Otávio Camargo,vitoria58@example.net,2025-01-20,Viúvo,Feminino,8,Headset Pro,Áudio,Headset,Hyperx,1248.96,3,300.00
409,2025-01-19,119,Dante Jesus,lizmartins@example.net,2023-01-04,Casado,Masculino,8,Headset Pro,Áudio,Headset,Hyperx,1135.50,3,300.00
410,2024-01-25,110,Amanda Da Cunha,fogacaemanuella@example.org,2023-01-04,Casado,Feminino,3,Tablet Plus,Tablets,Tablet,Apple,8226.92,2,3000.00
411,2025-01-22,127,Hellena Brito,theocosta@example.com,2024-01-01,Casado,Feminino,6,Teclado Mecânico,Periféricos,Teclado,Razer,1560.51,3,400.00
412,2026-01-22,128,Sr. Otávio Camargo,vitoria58@example.net,2025-01-20,Viúvo,Feminino,7,Cadeira Gamer,Móveis,Cadeira,Dxracer,3479.46,2,1500.00
413,2026-01-16,120,Ana Liz Duarte,dantenunes@example.net,2026-01-01,Casado,Feminino,6,Teclado Mecânico,Periféricos,Teclado,Razer,1144.46,2,400.00
414,2026-01-01,124,Maitê Viana,vianajulia@example.org,2024-01-21,Viúvo,Masculino,5,Mouse Gamer,Periféricos,Mouse,Logitech,501.15,3,120.00
415,2025-01-31,104,Gael Henrique Da Cruz,ferreiralais@example.org,2025-01-19,Divorciado,Feminino,6,Teclado Mecânico,Periféricos,Teclado,Razer,447.55,1,400.00
416,2025-01-24,122,Josué Moraes,mendesana-cecilia@example.org,2025-01-31,Divorciado,Masculino,7,Cadeira Gamer,Móveis,Cadeira,Dxracer,1933.65,1,1500.00
417,2025-01-09,129,Allana Moreira,brendamarques@example.net,2023-01-21,Viúvo,Masculino,3,Tablet Plus,Tablets,Tablet,Apple,3467.34,1,3000.00
418,2026-01-19,109,Natália Machado,alice98@example.net,2025-01-12,Divorciado,Masculino,5,Mouse Gamer,Periféricos,Mouse,Logitech,518.70,3,120.00
419,2024-01-06,127,Hellena Brito,theocosta@example.com,2024-01-01,Casado,Feminino,5,Mouse Gamer,Periféricos,Mouse,Logitech,440.85,3,120.00
420,2025-01-10,103,Bianca Camargo,ncosta@example.org,2023-01-08,Solteiro,Masculino,2,Smartphone X,Smartphones,Android,Samsung,7024.41,3,2100.00
421,2025-01-19,111,Lívia Azevedo,lorenacunha@example.org,2025-01-26,Divorciado,Feminino,2,Smartphone X,Smartphones,Android,Samsung,3042.72,1,2100.00
422,2025-01-04,117,Srta. Maitê Barbosa,vieiratheo@example.com,2024-01-09,Viúvo,Feminino,3,Tablet Plus,Tablets,Tablet,Apple,7470.50,2,3000.00
423,2025-01-08,119,Dante Jesus,lizmartins@example.net,2023-01-04,Casado,Masculino,8,Headset Pro,Áudio,Headset,Hyperx,420.52,1,300.00
424,2025-01-27,103,Bianca Camargo,ncosta@example.org,2023-01-08,Solteiro,Masculino,6,Teclado Mecânico,Periféricos,Teclado,Razer,493.88,1,400.00
425,2025-01-22,109,Natália Machado,alice98@example.net,2025-01-12,Divorciado,Masculino,5,Mouse Gamer,Periféricos,Mouse,Logitech,171.54,1,120.00
426,2026-01-28,112,Antony Costa,rezendekevin@example.org,2024-01-08,Viúvo,Masculino,3,Tablet Plus,Tablets,Tablet,Apple,7915.30,2,3000.00
427,2024-01-24,129,Allana Moreira,brendamarques@example.net,2023-01-21,Viúvo,Masculino,7,Cadeira Gamer,Móveis,Cadeira,Dxracer,3461.36,2,1500.00
428,2024-01-09,124,Maitê Viana,vianajulia@example.org,2024-01-21,Viúvo,Masculino,4,Monitor 27 4K,Periféricos,Monitor,Lg,3476.46,2,1200.00
429,2026-01-24,120,Ana Liz Duarte,dantenunes@example.net,2026-01-01,Casado,Feminino,6,Teclado Mecânico,Periféricos,Teclado,Razer,978.12,2,400.00
430,2026-01-24,122,Josué Moraes,mendesana-cecilia@example.org,2025-01-31,Divorciado,Masculino,7,Cadeira Gamer,Móveis,Cadeira,Dxracer,1827.01,1,1500.00
431,2024-01-05,112,Antony Costa,rezendekevin@example.org,2024-01-08,Viúvo,Masculino,9,SSD 1TB,Armazenamento,SSD,Kingston,1143.46,2,450.00
432,2026-01-20,114,Mariana Azevedo,lopesana-carolina@example.net,2025-01-03,Solteiro,Masculino,7,Cadeira Gamer,Móveis,Cadeira,Dxracer,5675.85,3,1500.00
433,2026-01-13,120,Ana Liz Duarte,dantenunes@example.net,2026-01-01,Casado,Feminino,1,Notebook Pro 15,Computadores,Notebook,Dell,5900.46,1,4200.00
434,2025-01-08,116,Henry Machado,salesmaria-flor@example.net,2025-01-10,Viúvo,Masculino,7,Cadeira Gamer,Móveis,Cadeira,Dxracer,1674.54,1,1500.00
435,2025-01-02,122,Josué Moraes,mendesana-cecilia@example.org,2025-01-31,Divorciado,Masculino,1,Notebook Pro 15,Computadores,Notebook,Dell,14603.79,3,4200.00
436,2024-01-02,108,Hadassa Caldeira,allanaaparecida@example.org,2024-01-08,Solteiro,Masculino,4,Monitor 27 4K,Periféricos,Monitor,Lg,1521.76,1,1200.00
437,2025-01-24,105,Francisco Silva,renanmarques@example.org,2025-01-18,Solteiro,Masculino,7,Cadeira Gamer,Móveis,Cadeira,Dxracer,5498.46,3,1500.00
438,2025-01-24,104,Gael Henrique Da Cruz,ferreiralais@example.org,2025-01-19,Divorciado,Feminino,4,Monitor 27 4K,Periféricos,Monitor,Lg,1675.39,1,1200.00
439,2025-01-22,117,Srta. Maitê Barbosa,vieiratheo@example.com,2024-01-09,Viúvo,Feminino,7,Cadeira Gamer,Móveis,Cadeira,Dxracer,6194.82,3,1500.00
440,2024-01-05,107,Augusto Siqueira,cardosojoao-pedro@example.org,2024-01-22,Solteiro,Feminino,4,Monitor 27 4K,Periféricos,Monitor,Lg,1563.51,1,1200.00
441,2025-01-29,128,Sr. Otávio Camargo,vitoria58@example.net,2025-01-20,Viúvo,Feminino,4,Monitor 27 4K,Periféricos,Monitor,Lg,3396.64,2,1200.00
442,2024-01-19,118,Sr. Gustavo Garcia,estersiqueira@example.net,2024-01-05,Viúvo,Feminino,8,Headset Pro,Áudio,Headset,Hyperx,1018.50,3,300.00
443,2026-01-05,108,Hadassa Caldeira,allanaaparecida@example.org,2024-01-08,Solteiro,Masculino,4,Monitor 27 4K,Periféricos,Monitor,Lg,1468.22,1,1200.00
444,2025-01-28,114,Mariana Azevedo,lopesana-carolina@example.net,2025-01-03,Solteiro,Masculino,5,Mouse Gamer,Periféricos,Mouse,Logitech,346.02,2,120.00
445,2024-01-03,129,Allana Moreira,brendamarques@example.net,2023-01-21,Viúvo,Masculino,6,Teclado Mecânico,Periféricos,Teclado,Razer,495.72,1,400.00
446,2025-01-12,107,Augusto Siqueira,cardosojoao-pedro@example.org,2024-01-22,Solteiro,Feminino,3,Tablet Plus,Tablets,Tablet,Apple,12508.41,3,3000.00
447,2024-01-04,124,Maitê Viana,vianajulia@example.org,2024-01-21,Viúvo,Masculino,8,Headset Pro,Áudio,Headset,Hyperx,331.79,1,300.00
448,2025-01-29,129,Allana Moreira,brendamarques@example.net,2023-01-21,Viúvo,Masculino,5,Mouse Gamer,Periféricos,Mouse,Logitech,278.78,2,120.00
449,2025-01-22,124,Maitê Viana,vianajulia@example.org,2024-01-21,Viúvo,Masculino,10,Impressora Laser,Impressoras,Laser,Hp,2528.08,2,1100.00
450,2026-01-21,127,Hellena Brito,theocosta@example.com,2024-01-01,Casado,Feminino,2,Smartphone X,Smartphones,Android,Samsung,4625.90,2,2100.00
451,2025-01-03,109,Natália Machado,alice98@example.net,2025-01-12,Divorciado,Masculino,10,Impressora Laser,Impressoras,Laser,Hp,3092.94,2,1100.00
452,2024-01-30,129,Allana Moreira,brendamarques@example.net,2023-01-21,Viúvo,Masculino,10,Impressora Laser,Impressoras,Laser,Hp,1565.98,1,1100.00
453,2025-01-21,118,Sr. Gustavo Garcia,estersiqueira@example.net,2024-01-05,Viúvo,Feminino,5,Mouse Gamer,Periféricos,Mouse,Logitech,134.21,1,120.00
454,2025-01-25,109,Natália Machado,alice98@example.net,2025-01-12,Divorciado,Masculino,6,Teclado Mecânico,Periféricos,Teclado,Razer,512.52,1,400.00
455,2026-01-23,118,Sr. Gustavo Garcia,estersiqueira@example.net,2024-01-05,Viúvo,Feminino,10,Impressora Laser,Impressoras,Laser,Hp,3881.07,3,1100.00
456,2026-01-05,109,Natália Machado,alice98@example.net,2025-01-12,Divorciado,Masculino,4,Monitor 27 4K,Periféricos,Monitor,Lg,2962.66,2,1200.00
457,2024-01-03,118,Sr. Gustavo Garcia,estersiqueira@example.net,2024-01-05,Viúvo,Feminino,1,Notebook Pro 15,Computadores,Notebook,Dell,18768.78,3,4200.00
458,2025-01-25,124,Maitê Viana,vianajulia@example.org,2024-01-21,Viúvo,Masculino,9,SSD 1TB,Armazenamento,SSD,Kingston,1075.10,2,450.00
459,2025-01-29,123,Pedro Miguel Câmara,alicia44@example.org,2025-01-17,Casado,Masculino,4,Monitor 27 4K,Periféricos,Monitor,Lg,1420.88,1,1200.00
460,2025-01-16,130,Agatha Cavalcante,camargofernanda@example.net,2023-01-18,Divorciado,Masculino,2,Smartphone X,Smartphones,Android,Samsung,3026.59,1,2100.00
461,2026-01-20,105,Francisco Silva,renanmarques@example.org,2025-01-18,Solteiro,Masculino,6,Teclado Mecânico,Periféricos,Teclado,Razer,1608.03,3,400.00
462,2025-01-29,103,Bianca Camargo,ncosta@example.org,2023-01-08,Solteiro,Masculino,6,Teclado Mecânico,Periféricos,Teclado,Razer,994.00,2,400.00
463,2025-01-12,107,Augusto Siqueira,cardosojoao-pedro@example.org,2024-01-22,Solteiro,Feminino,4,Monitor 27 4K,Periféricos,Monitor,Lg,4496.49,3,1200.00
464,2023-01-25,115,Enzo Marques,ogomes@example.com,2023-01-10,Casado,Feminino,4,Monitor 27 4K,Periféricos,Monitor,Lg,5343.36,3,1200.00
465,2025-01-10,130,Agatha Cavalcante,camargofernanda@example.net,2023-01-18,Divorciado,Masculino,1,Notebook Pro 15,Computadores,Notebook,Dell,5838.00,1,4200.00
466,2025-01-27,104,Gael Henrique Da Cruz,ferreiralais@example.org,2025-01-19,Divorciado,Feminino,4,Monitor 27 4K,Periféricos,Monitor,Lg,3440.78,2,1200.00
467,2024-01-04,102,Guilherme Novais,santosbeatriz@example.net,2024-01-03,Casado,Feminino,10,Impressora Laser,Impressoras,Laser,Hp,1446.32,1,1100.00
468,2023-01-15,115,Enzo Marques,ogomes@example.com,2023-01-10,Casado,Feminino,2,Smartphone X,Smartphones,Android,Samsung,5163.56,2,2100.00
469,2025-01-20,125,Srta. Maria Vitória Cardoso,antoniomoreira@example.com,2025-01-28,Viúvo,Feminino,1,Notebook Pro 15,Computadores,Notebook,Dell,11016.16,2,4200.00
470,2026-01-29,128,Sr. Otávio Camargo,vitoria58@example.net,2025-01-20,Viúvo,Feminino,10,Impressora Laser,Impressoras,Laser,Hp,4604.94,3,1100.00
471,2026-01-25,126,Renan Monteiro,maria-fernanda02@example.net,2026-01-25,Solteiro,Masculino,3,Tablet Plus,Tablets,Tablet,Apple,10460.61,3,3000.00
472,2026-01-03,120,Ana Liz Duarte,dantenunes@example.net,2026-01-01,Casado,Feminino,7,Cadeira Gamer,Móveis,Cadeira,Dxracer,4017.42,2,1500.00
473,2024-01-30,110,Amanda Da Cunha,fogacaemanuella@example.org,2023-01-04,Casado,Feminino,4,Monitor 27 4K,Periféricos,Monitor,Lg,2962.92,2,1200.00
474,2024-01-29,121,Luiz Fernando Alves,juliana61@example.com,2023-01-13,Viúvo,Masculino,5,Mouse Gamer,Periféricos,Mouse,Logitech,473.73,3,120.00
475,2025-01-11,104,Gael Henrique Da Cruz,ferreiralais@example.org,2025-01-19,Divorciado,Feminino,7,Cadeira Gamer,Móveis,Cadeira,Dxracer,2025.93,1,1500.00
476,2026-01-30,125,Srta. Maria Vitória Cardoso,antoniomoreira@example.com,2025-01-28,Viúvo,Feminino,7,Cadeira Gamer,Móveis,Cadeira,Dxracer,1657.17,1,1500.00
477,2025-01-18,104,Gael Henrique Da Cruz,ferreiralais@example.org,2025-01-19,Divorciado,Feminino,1,Notebook Pro 15,Computadores,Notebook,Dell,10206.14,2,4200.00
478,2025-01-26,112,Antony Costa,rezendekevin@example.org,2024-01-08,Viúvo,Masculino,4,Monitor 27 4K,Periféricos,Monitor,Lg,3226.72,2,1200.00
479,2026-01-13,128,Sr. Otávio Camargo,vitoria58@example.net,2025-01-20,Viúvo,Feminino,6,Teclado Mecânico,Periféricos,Teclado,Razer,1507.92,3,400.00
480,2025-01-23,127,Hellena Brito,theocosta@example.com,2024-01-01,Casado,Feminino,6,Teclado Mecânico,Periféricos,Teclado,Razer,1036.08,2,400.00
481,2026-01-04,129,Allana Moreira,brendamarques@example.net,2023-01-21,Viúvo,Masculino,7,Cadeira Gamer,Móveis,Cadeira,Dxracer,6197.01,3,1500.00
482,2026-01-01,123,Pedro Miguel Câmara,alicia44@example.org,2025-01-17,Casado,Masculino,8,Headset Pro,Áudio,Headset,Hyperx,1215.96,3,300.00
483,2024-01-04,130,Agatha Cavalcante,camargofernanda@example.net,2023-01-18,Divorciado,Masculino,7,Cadeira Gamer,Móveis,Cadeira,Dxracer,1988.47,1,1500.00
484,2025-01-01,124,Maitê Viana,vianajulia@example.org,2024-01-21,Viúvo,Masculino,5,Mouse Gamer,Periféricos,Mouse,Logitech,146.50,1,120.00
485,2025-01-28,121,Luiz Fernando Alves,juliana61@example.com,2023-01-13,Viúvo,Masculino,8,Headset Pro,Áudio,Headset,Hyperx,1101.21,3,300.00
486,2026-01-25,122,Josué Moraes,mendesana-cecilia@example.org,2025-01-31,Divorciado,Masculino,10,Impressora Laser,Impressoras,Laser,Hp,2516.82,2,1100.00
487,2025-01-26,117,Srta. Maitê Barbosa,vieiratheo@example.com,2024-01-09,Viúvo,Feminino,3,Tablet Plus,Tablets,Tablet,Apple,11779.77,3,3000.00
488,2024-01-24,119,Dante Jesus,lizmartins@example.net,2023-01-04,Casado,Masculino,4,Monitor 27 4K,Periféricos,Monitor,Lg,1405.86,1,1200.00
489,2024-01-06,113,Emanuel Camargo,kevin95@example.net,2024-01-29,Viúvo,Feminino,6,Teclado Mecânico,Periféricos,Teclado,Razer,1404.15,3,400.00
490,2025-01-26,112,Antony Costa,rezendekevin@example.org,2024-01-08,Viúvo,Masculino,4,Monitor 27 4K,Periféricos,Monitor,Lg,3245.04,2,1200.00
491,2023-01-08,110,Amanda Da Cunha,fogacaemanuella@example.org,2023-01-04,Casado,Feminino,3,Tablet Plus,Tablets,Tablet,Apple,8727.02,2,3000.00
492,2025-01-15,114,Mariana Azevedo,lopesana-carolina@example.net,2025-01-03,Solteiro,Masculino,10,Impressora Laser,Impressoras,Laser,Hp,3143.34,2,1100.00
493,2024-01-29,130,Agatha Cavalcante,camargofernanda@example.net,2023-01-18,Divorciado,Masculino,8,Headset Pro,Áudio,Headset,Hyperx,356.52,1,300.00
494,2024-01-10,113,Emanuel Camargo,kevin95@example.net,2024-01-29,Viúvo,Feminino,9,SSD 1TB,Armazenamento,SSD,Kingston,1336.34,2,450.00
495,2025-01-06,122,Josué Moraes,mendesana-cecilia@example.org,2025-01-31,Divorciado,Masculino,1,Notebook Pro 15,Computadores,Notebook,Dell,5646.66,1,4200.00
496,2024-01-10,121,Luiz Fernando Alves,juliana61@example.com,2023-01-13,Viúvo,Masculino,8,Headset Pro,Áudio,Headset,Hyperx,1321.26,3,300.00
497,2024-01-13,110,Amanda Da Cunha,fogacaemanuella@example.org,2023-01-04,Casado,Feminino,9,SSD 1TB,Armazenamento,SSD,Kingston,1610.37,3,450.00
498,2025-01-17,121,Luiz Fernando Alves,juliana61@example.com,2023-01-13,Viúvo,Masculino,9,SSD 1TB,Armazenamento,SSD,Kingston,1776.81,3,450.00
499,2025-01-16,115,Enzo Marques,ogomes@example.com,2023-01-10,Casado,Feminino,8,Headset Pro,Áudio,Headset,Hyperx,1069.41,3,300.00
500,2025-01-17,101,Murilo Leão,marcelo69@example.org,2024-01-12,Divorciado,Feminino,8,Headset Pro,Áudio,Headset,Hyperx,342.41,1,300.00
